Project Name,Checkpoint Name,Created On,File Name,Lines,Statements,Percent Branch Statements,Percent Lines with Comments,Functions,Average Statements per Function,Line Number of Most Complex Function*,Name of Most Complex Function*,Complexity of Most Complex Function*,Line Number of Deepest Block,Maximum Block Depth,Average Block Depth,Average Complexity*,Statements at block level 0,Statements at block level 1,Statements at block level 2,Statements at block level 3,Statements at block level 4,Statements at block level 5,Statements at block level 6,Statements at block level 7,Statements at block level 8,Statements at block level 9
ACU,Checkpoint2,31 10 2020,../workspace/SUMCHECK/PUBLIC/sumcheck.h,56,18,0.0,69.6,0,0.0,{undefined},,0,0,0,0.00,0.00,18,0,0,0,0,0,0,0,0,0
ACU,Checkpoint2,31 10 2020,../workspace/OPIFDRV/PUBLIC/opif_ctbl.h,334,245,0.0,78.4,0,0.0,{undefined},,0,81,1,0.62,0.00,94,151,0,0,0,0,0,0,0,0
ACU,Checkpoint2,31 10 2020,../workspace/OPIFDRV/PUBLIC/opif_driver.h,97,26,0.0,59.8,0,0.0,{undefined},,0,0,0,0.00,0.00,26,0,0,0,0,0,0,0,0,0
ACU,Checkpoint2,31 10 2020,../workspace/OSWRAP/PUBLIC/clogmsg.h,67,10,0.0,47.8,0,0.0,{undefined},,0,0,0,0.00,0.00,10,0,0,0,0,0,0,0,0,0
ACU,Checkpoint2,31 10 2020,../workspace/OSWRAP/PUBLIC/memmon.h,45,5,0.0,60.0,0,0.0,{undefined},,0,0,0,0.00,0.00,5,0,0,0,0,0,0,0,0,0
ACU,Checkpoint2,31 10 2020,../workspace/OSWRAP/PUBLIC/system_call.h,194,29,0.0,57.7,0,0.0,{undefined},,0,0,0,0.00,0.00,29,0,0,0,0,0,0,0,0,0
ACU,Checkpoint2,31 10 2020,../workspace/OSWRAP/PUBLIC/taskcontrol.h,47,3,0.0,72.3,0,0.0,{undefined},,0,0,0,0.00,0.00,3,0,0,0,0,0,0,0,0,0
ACU,Checkpoint2,31 10 2020,../workspace/OSWRAP/PUBLIC/xbdservice.h,43,4,0.0,72.1,0,0.0,{undefined},,0,0,0,0.00,0.00,4,0,0,0,0,0,0,0,0,0
ACU,Checkpoint2,31 10 2020,../workspace/DRIVER/PUBLIC/pci_drv_c3135.h,232,119,0.0,67.2,0,0.0,{undefined},,0,169,1,0.06,0.00,112,7,0,0,0,0,0,0,0,0
ACU,Checkpoint2,31 10 2020,../workspace/DRIVER/PUBLIC/pci_drv_common.h,106,53,0.0,84.9,0,0.0,{undefined},,0,0,0,0.00,0.00,53,0,0,0,0,0,0,0,0,0
ACU,Checkpoint2,31 10 2020,../workspace/DRIVER/PUBLIC/pci_drv_ilc.h,278,49,0.0,67.6,0,0.0,{undefined},,0,26,1,0.14,0.00,42,7,0,0,0,0,0,0,0,0
ACU,Checkpoint2,31 10 2020,../workspace/DRIVER/PUBLIC/pci_drv_iso.h,145,20,0.0,70.3,0,0.0,{undefined},,0,0,0,0.00,0.00,20,0,0,0,0,0,0,0,0,0
ACU,Checkpoint2,31 10 2020,../workspace/DRIVER/PUBLIC/pci_drv_isoc2130.h,139,20,0.0,71.9,0,0.0,{undefined},,0,0,0,0.00,0.00,20,0,0,0,0,0,0,0,0,0
ACU,Checkpoint2,31 10 2020,../workspace/DRIVER/PUBLIC/pci_drv_isoc2703.h,203,30,0.0,70.0,0,0.0,{undefined},,0,0,0,0.00,0.00,30,0,0,0,0,0,0,0,0,0
ACU,Checkpoint2,31 10 2020,../workspace/DRIVER/PUBLIC/pci_drv_isoc2994.h,203,30,0.0,70.0,0,0.0,{undefined},,0,0,0,0.00,0.00,30,0,0,0,0,0,0,0,0,0
ACU,Checkpoint2,31 10 2020,../workspace/DRIVER/PUBLIC/pci_drv_pls.h,164,32,0.0,73.8,0,0.0,{undefined},,0,0,0,0.00,0.00,32,0,0,0,0,0,0,0,0,0
ACU,Checkpoint2,31 10 2020,../workspace/DRIVER/PUBLIC/pci_drv_ras.h,341,90,0.0,69.5,0,0.0,{undefined},,0,56,1,0.21,0.00,71,19,0,0,0,0,0,0,0,0
ACU,Checkpoint2,31 10 2020,../workspace/DRIVER/PUBLIC/pci_drv_sdc.h,211,54,0.0,71.1,0,0.0,{undefined},,0,42,1,0.22,0.00,42,12,0,0,0,0,0,0,0,0
ACU,Checkpoint2,31 10 2020,../workspace/DRIVER/PUBLIC/pci_drv_sio.h,250,97,0.0,74.8,0,0.0,{undefined},,0,57,1,0.41,0.00,57,40,0,0,0,0,0,0,0,0
ACU,Checkpoint2,31 10 2020,../workspace/DRIVER/PUBLIC/pci_drv_sva.h,190,28,0.0,67.9,0,0.0,{undefined},,0,0,0,0.00,0.00,28,0,0,0,0,0,0,0,0,0
ACU,Checkpoint2,31 10 2020,../workspace/SYSDATA/PUBLIC/sysdtadm.h,154,51,0.0,72.7,0,0.0,{undefined},,0,60,1,0.06,0.00,48,3,0,0,0,0,0,0,0,0
ACU,Checkpoint2,31 10 2020,../workspace/J2STD/PUBLIC/access.h,166,70,0.0,69.3,0,0.0,{undefined},,0,32,1,0.03,0.00,68,2,0,0,0,0,0,0,0,0
ACU,Checkpoint2,31 10 2020,../workspace/J2STD/PUBLIC/acucom.h,227,33,0.0,66.1,0,0.0,{undefined},,0,19,1,0.15,0.00,28,5,0,0,0,0,0,0,0,0
ACU,Checkpoint2,31 10 2020,../workspace/J2STD/PUBLIC/acuunittest.h,50,6,0.0,76.0,0,0.0,{undefined},,0,0,0,0.00,0.00,6,0,0,0,0,0,0,0,0,0
ACU,Checkpoint2,31 10 2020,../workspace/J2STD/PUBLIC/alarm.h,134,78,0.0,43.3,0,0.0,{undefined},,0,29,1,0.22,0.00,61,17,0,0,0,0,0,0,0,0
ACU,Checkpoint2,31 10 2020,../workspace/J2STD/PUBLIC/almlog.h,36,5,0.0,72.2,0,0.0,{undefined},,0,0,0,0.00,0.00,5,0,0,0,0,0,0,0,0,0
ACU,Checkpoint2,31 10 2020,../workspace/J2STD/PUBLIC/analog.h,100,38,0.0,58.0,0,0.0,{undefined},,0,27,1,0.16,0.00,32,6,0,0,0,0,0,0,0,0
ACU,Checkpoint2,31 10 2020,../workspace/J2STD/PUBLIC/anglecom.h,101,15,0.0,56.4,0,0.0,{undefined},,0,0,0,0.00,0.00,15,0,0,0,0,0,0,0,0,0
ACU,Checkpoint2,31 10 2020,../workspace/J2STD/PUBLIC/aouif.h,50,12,0.0,64.0,0,0.0,{undefined},,0,0,0,0.00,0.00,12,0,0,0,0,0,0,0,0,0
ACU,Checkpoint2,31 10 2020,../workspace/J2STD/PUBLIC/autoerr.h,88,34,0.0,68.2,0,0.0,{undefined},,0,0,0,0.00,0.00,34,0,0,0,0,0,0,0,0,0
ACU,Checkpoint2,31 10 2020,../workspace/J2STD/PUBLIC/autoprog.h,57,14,0.0,66.7,0,0.0,{undefined},,0,0,0,0.00,0.00,14,0,0,0,0,0,0,0,0,0
ACU,Checkpoint2,31 10 2020,../workspace/J2STD/PUBLIC/cfilter.h,47,13,0.0,72.3,0,0.0,{undefined},,0,21,1,0.54,0.00,6,7,0,0,0,0,0,0,0,0
ACU,Checkpoint2,31 10 2020,../workspace/J2STD/PUBLIC/clock.h,79,15,0.0,60.8,0,0.0,{undefined},,0,0,0,0.00,0.00,15,0,0,0,0,0,0,0,0,0
ACU,Checkpoint2,31 10 2020,../workspace/J2STD/PUBLIC/clock_def.h,66,35,0.0,74.2,0,0.0,{undefined},,0,0,0,0.00,0.00,35,0,0,0,0,0,0,0,0,0
ACU,Checkpoint2,31 10 2020,../workspace/J2STD/PUBLIC/cmdangle.h,117,34,0.0,68.4,0,0.0,{undefined},,0,0,0,0.00,0.00,34,0,0,0,0,0,0,0,0,0
ACU,Checkpoint2,31 10 2020,../workspace/J2STD/PUBLIC/coasting.h,63,10,0.0,58.7,0,0.0,{undefined},,0,0,0,0.00,0.00,10,0,0,0,0,0,0,0,0,0
ACU,Checkpoint2,31 10 2020,../workspace/J2STD/PUBLIC/coastmode.h,67,10,0.0,55.2,0,0.0,{undefined},,0,0,0,0.00,0.00,10,0,0,0,0,0,0,0,0,0
ACU,Checkpoint2,31 10 2020,../workspace/J2STD/PUBLIC/common.h,207,123,0.0,34.8,0,0.0,{undefined},,0,0,0,0.00,0.00,123,0,0,0,0,0,0,0,0,0
ACU,Checkpoint2,31 10 2020,../workspace/J2STD/PUBLIC/construction.h,58,13,0.0,63.8,0,0.0,{undefined},,0,35,1,0.23,0.00,10,3,0,0,0,0,0,0,0,0
ACU,Checkpoint2,31 10 2020,../workspace/J2STD/PUBLIC/copytime.h,17,3,0.0,64.7,0,0.0,{undefined},,0,0,0,0.00,0.00,3,0,0,0,0,0,0,0,0,0
ACU,Checkpoint2,31 10 2020,../workspace/J2STD/PUBLIC/cpu_drv.h,121,17,0.0,52.1,0,0.0,{undefined},,0,0,0,0.00,0.00,17,0,0,0,0,0,0,0,0,0
ACU,Checkpoint2,31 10 2020,../workspace/J2STD/PUBLIC/cpu_version.h,22,3,0.0,68.2,0,0.0,{undefined},,0,0,0,0.00,0.00,3,0,0,0,0,0,0,0,0,0
ACU,Checkpoint2,31 10 2020,../workspace/J2STD/PUBLIC/damonitor.h,162,5,0.0,84.6,0,0.0,{undefined},,0,0,0,0.00,0.00,5,0,0,0,0,0,0,0,0,0
ACU,Checkpoint2,31 10 2020,../workspace/J2STD/PUBLIC/drivererror.h,62,19,0.0,53.2,0,0.0,{undefined},,0,0,0,0.00,0.00,19,0,0,0,0,0,0,0,0,0
ACU,Checkpoint2,31 10 2020,../workspace/J2STD/PUBLIC/drmode.h,94,41,0.0,66.0,0,0.0,{undefined},,0,53,1,0.32,0.00,28,13,0,0,0,0,0,0,0,0
ACU,Checkpoint2,31 10 2020,../workspace/J2STD/PUBLIC/dronoff.h,56,26,0.0,69.6,0,0.0,{undefined},,0,0,0,0.00,0.00,26,0,0,0,0,0,0,0,0,0
ACU,Checkpoint2,31 10 2020,../workspace/J2STD/PUBLIC/dspif.h,202,115,0.0,56.4,0,0.0,{undefined},,0,69,1,0.02,0.00,113,2,0,0,0,0,0,0,0,0
ACU,Checkpoint2,31 10 2020,../workspace/J2STD/PUBLIC/dsp_buf.h,89,46,0.0,19.1,0,0.0,{undefined},,0,17,2,0.61,0.00,28,8,10,0,0,0,0,0,0,0
ACU,Checkpoint2,31 10 2020,../workspace/J2STD/PUBLIC/dsp_buf_sub.h,245,102,0.0,78.0,0,0.0,{undefined},,0,20,1,0.83,0.00,17,85,0,0,0,0,0,0,0,0
ACU,Checkpoint2,31 10 2020,../workspace/J2STD/PUBLIC/dsp_def.h,57,13,0.0,47.4,0,0.0,{undefined},,0,0,0,0.00,0.00,13,0,0,0,0,0,0,0,0,0
ACU,Checkpoint2,31 10 2020,../workspace/J2STD/PUBLIC/eib7if.h,208,88,0.0,49.0,0,0.0,{undefined},,0,77,1,0.48,0.00,46,42,0,0,0,0,0,0,0,0
ACU,Checkpoint2,31 10 2020,../workspace/J2STD/PUBLIC/elvanglmode.h,57,6,0.0,66.7,0,0.0,{undefined},,0,0,0,0.00,0.00,6,0,0,0,0,0,0,0,0,0
ACU,Checkpoint2,31 10 2020,../workspace/J2STD/PUBLIC/file_def.h,72,21,0.0,68.1,0,0.0,{undefined},,0,0,0,0.00,0.00,21,0,0,0,0,0,0,0,0,0
ACU,Checkpoint2,31 10 2020,../workspace/J2STD/PUBLIC/flash.h,72,7,0.0,73.6,0,0.0,{undefined},,0,0,0,0.00,0.00,7,0,0,0,0,0,0,0,0,0
ACU,Checkpoint2,31 10 2020,../workspace/J2STD/PUBLIC/halt.h,34,6,0.0,58.8,0,0.0,{undefined},,0,0,0,0.00,0.00,6,0,0,0,0,0,0,0,0,0
ACU,Checkpoint2,31 10 2020,../workspace/J2STD/PUBLIC/interlock.h,91,40,0.0,68.1,0,0.0,{undefined},,0,51,1,0.20,0.00,32,8,0,0,0,0,0,0,0,0
ACU,Checkpoint2,31 10 2020,../workspace/J2STD/PUBLIC/interpolation.h,58,14,0.0,60.3,0,0.0,{undefined},,0,0,0,0.00,0.00,14,0,0,0,0,0,0,0,0,0
ACU,Checkpoint2,31 10 2020,../workspace/J2STD/PUBLIC/looptask_healthchk.h,45,4,0.0,68.9,0,0.0,{undefined},,0,0,0,0.00,0.00,4,0,0,0,0,0,0,0,0,0
ACU,Checkpoint2,31 10 2020,../workspace/J2STD/PUBLIC/majref.h,49,16,0.0,59.2,0,0.0,{undefined},,0,0,0,0.00,0.00,16,0,0,0,0,0,0,0,0,0
ACU,Checkpoint2,31 10 2020,../workspace/J2STD/PUBLIC/makelevel.h,44,10,0.0,59.1,0,0.0,{undefined},,0,0,0,0.00,0.00,10,0,0,0,0,0,0,0,0,0
ACU,Checkpoint2,31 10 2020,../workspace/J2STD/PUBLIC/mancmd.h,52,7,0.0,67.3,0,0.0,{undefined},,0,0,0,0.00,0.00,7,0,0,0,0,0,0,0,0,0
ACU,Checkpoint2,31 10 2020,../workspace/J2STD/PUBLIC/motor.h,92,32,0.0,62.0,0,0.0,{undefined},,0,0,0,0.00,0.00,32,0,0,0,0,0,0,0,0,0
ACU,Checkpoint2,31 10 2020,../workspace/J2STD/PUBLIC/nullfunc.h,41,5,0.0,75.6,0,0.0,{undefined},,0,0,0,0.00,0.00,5,0,0,0,0,0,0,0,0,0
ACU,Checkpoint2,31 10 2020,../workspace/J2STD/PUBLIC/opif.h,37,11,0.0,62.2,0,0.0,{undefined},,0,0,0,0.00,0.00,11,0,0,0,0,0,0,0,0,0
ACU,Checkpoint2,31 10 2020,../workspace/J2STD/PUBLIC/opifinit.h,40,5,0.0,65.0,0,0.0,{undefined},,0,0,0,0.00,0.00,5,0,0,0,0,0,0,0,0,0
ACU,Checkpoint2,31 10 2020,../workspace/J2STD/PUBLIC/os_inf.h,115,67,0.0,49.6,0,0.0,{undefined},,0,80,2,0.70,0.00,30,27,10,0,0,0,0,0,0,0
ACU,Checkpoint2,31 10 2020,../workspace/J2STD/PUBLIC/overspd.h,43,16,0.0,69.8,0,0.0,{undefined},,0,0,0,0.00,0.00,16,0,0,0,0,0,0,0,0,0
ACU,Checkpoint2,31 10 2020,../workspace/J2STD/PUBLIC/parallel.h,312,264,0.0,89.1,0,0.0,{undefined},,0,0,0,0.00,0.00,264,0,0,0,0,0,0,0,0,0
ACU,Checkpoint2,31 10 2020,../workspace/J2STD/PUBLIC/pol.h,45,3,0.0,73.3,0,0.0,{undefined},,0,0,0,0.00,0.00,3,0,0,0,0,0,0,0,0,0
ACU,Checkpoint2,31 10 2020,../workspace/J2STD/PUBLIC/posncmd.h,46,8,0.0,58.7,0,0.0,{undefined},,0,0,0,0.00,0.00,8,0,0,0,0,0,0,0,0,0
ACU,Checkpoint2,31 10 2020,../workspace/J2STD/PUBLIC/posnloop.h,73,32,0.0,72.6,0,0.0,{undefined},,0,26,1,0.25,0.00,24,8,0,0,0,0,0,0,0,0
ACU,Checkpoint2,31 10 2020,../workspace/J2STD/PUBLIC/potin.h,55,13,0.0,61.8,0,0.0,{undefined},,0,0,0,0.00,0.00,13,0,0,0,0,0,0,0,0,0
ACU,Checkpoint2,31 10 2020,../workspace/J2STD/PUBLIC/presetposn.h,55,16,0.0,60.0,0,0.0,{undefined},,0,0,0,0.00,0.00,16,0,0,0,0,0,0,0,0,0
ACU,Checkpoint2,31 10 2020,../workspace/J2STD/PUBLIC/progcmd.h,106,36,0.0,49.1,0,0.0,{undefined},,0,0,0,0.00,0.00,36,0,0,0,0,0,0,0,0,0
ACU,Checkpoint2,31 10 2020,../workspace/J2STD/PUBLIC/pulse.h,49,8,0.0,55.1,0,0.0,{undefined},,0,0,0,0.00,0.00,8,0,0,0,0,0,0,0,0,0
ACU,Checkpoint2,31 10 2020,../workspace/J2STD/PUBLIC/rdin.h,67,23,0.0,64.2,0,0.0,{undefined},,0,30,1,0.39,0.00,14,9,0,0,0,0,0,0,0,0
ACU,Checkpoint2,31 10 2020,../workspace/J2STD/PUBLIC/realangle.h,113,45,0.0,57.5,0,0.0,{undefined},,0,0,0,0.00,0.00,45,0,0,0,0,0,0,0,0,0
ACU,Checkpoint2,31 10 2020,../workspace/J2STD/PUBLIC/remoteif.h,437,193,0.0,65.7,0,0.0,{undefined},,0,0,0,0.00,0.00,193,0,0,0,0,0,0,0,0,0
ACU,Checkpoint2,31 10 2020,../workspace/J2STD/PUBLIC/rp_def.h,100,71,0.0,86.0,0,0.0,{undefined},,0,0,0,0.00,0.00,71,0,0,0,0,0,0,0,0,0
ACU,Checkpoint2,31 10 2020,../workspace/J2STD/PUBLIC/rtp_clock.h,36,3,0.0,72.2,0,0.0,{undefined},,0,0,0,0.00,0.00,3,0,0,0,0,0,0,0,0,0
ACU,Checkpoint2,31 10 2020,../workspace/J2STD/PUBLIC/runaway.h,31,6,0.0,58.1,0,0.0,{undefined},,0,0,0,0.00,0.00,6,0,0,0,0,0,0,0,0,0
ACU,Checkpoint2,31 10 2020,../workspace/J2STD/PUBLIC/runpulse.h,40,6,0.0,60.0,0,0.0,{undefined},,0,0,0,0.00,0.00,6,0,0,0,0,0,0,0,0,0
ACU,Checkpoint2,31 10 2020,../workspace/J2STD/PUBLIC/sdin.h,80,30,0.0,75.0,0,0.0,{undefined},,0,0,0,0.00,0.00,30,0,0,0,0,0,0,0,0,0
ACU,Checkpoint2,31 10 2020,../workspace/J2STD/PUBLIC/serial.h,256,40,0.0,67.2,0,0.0,{undefined},,0,32,1,0.15,0.00,34,6,0,0,0,0,0,0,0,0
ACU,Checkpoint2,31 10 2020,../workspace/J2STD/PUBLIC/serialif.h,29,5,0.0,69.0,0,0.0,{undefined},,0,0,0,0.00,0.00,5,0,0,0,0,0,0,0,0,0
ACU,Checkpoint2,31 10 2020,../workspace/J2STD/PUBLIC/slavecmd.h,57,11,0.0,59.6,0,0.0,{undefined},,0,0,0,0.00,0.00,11,0,0,0,0,0,0,0,0,0
ACU,Checkpoint2,31 10 2020,../workspace/J2STD/PUBLIC/slewcmd.h,51,8,0.0,56.9,0,0.0,{undefined},,0,0,0,0.00,0.00,8,0,0,0,0,0,0,0,0,0
ACU,Checkpoint2,31 10 2020,../workspace/J2STD/PUBLIC/srvband.h,53,17,0.0,64.2,0,0.0,{undefined},,0,0,0,0.00,0.00,17,0,0,0,0,0,0,0,0,0
ACU,Checkpoint2,31 10 2020,../workspace/J2STD/PUBLIC/srvparam.h,83,17,0.0,53.0,0,0.0,{undefined},,0,0,0,0.00,0.00,17,0,0,0,0,0,0,0,0,0
ACU,Checkpoint2,31 10 2020,../workspace/J2STD/PUBLIC/srvtest.h,104,47,0.0,59.6,0,0.0,{undefined},,0,38,1,0.26,0.00,35,12,0,0,0,0,0,0,0,0
ACU,Checkpoint2,31 10 2020,../workspace/J2STD/PUBLIC/step.h,126,65,0.0,57.9,0,0.0,{undefined},,0,64,1,0.09,0.00,59,6,0,0,0,0,0,0,0,0
ACU,Checkpoint2,31 10 2020,../workspace/J2STD/PUBLIC/stepcmd.h,49,14,0.0,57.1,0,0.0,{undefined},,0,0,0,0.00,0.00,14,0,0,0,0,0,0,0,0,0
ACU,Checkpoint2,31 10 2020,../workspace/J2STD/PUBLIC/stepram.h,132,88,0.0,73.5,0,0.0,{undefined},,0,22,1,0.65,0.00,31,57,0,0,0,0,0,0,0,0
ACU,Checkpoint2,31 10 2020,../workspace/J2STD/PUBLIC/steptest.h,77,30,0.0,59.7,0,0.0,{undefined},,0,22,1,0.17,0.00,25,5,0,0,0,0,0,0,0,0
ACU,Checkpoint2,31 10 2020,../workspace/J2STD/PUBLIC/stowpin.h,65,19,0.0,58.5,0,0.0,{undefined},,0,0,0,0.00,0.00,19,0,0,0,0,0,0,0,0,0
ACU,Checkpoint2,31 10 2020,../workspace/J2STD/PUBLIC/stowposn.h,54,12,0.0,66.7,0,0.0,{undefined},,0,0,0,0.00,0.00,12,0,0,0,0,0,0,0,0,0
ACU,Checkpoint2,31 10 2020,../workspace/J2STD/PUBLIC/synctimtsk.h,64,12,0.0,64.1,0,0.0,{undefined},,0,0,0,0.00,0.00,12,0,0,0,0,0,0,0,0,0
ACU,Checkpoint2,31 10 2020,../workspace/J2STD/PUBLIC/sysdata.h,562,390,0.0,76.5,0,0.0,{undefined},,0,52,1,0.82,0.00,70,320,0,0,0,0,0,0,0,0
ACU,Checkpoint2,31 10 2020,../workspace/J2STD/PUBLIC/sysdataref.h,48,9,0.0,64.6,0,0.0,{undefined},,0,0,0,0.00,0.00,9,0,0,0,0,0,0,0,0,0
ACU,Checkpoint2,31 10 2020,../workspace/J2STD/PUBLIC/task_def.h,37,18,0.0,81.1,0,0.0,{undefined},,0,0,0,0.00,0.00,18,0,0,0,0,0,0,0,0,0
ACU,Checkpoint2,31 10 2020,../workspace/J2STD/PUBLIC/test_def.h,39,18,0.0,82.1,0,0.0,{undefined},,0,0,0,0.00,0.00,18,0,0,0,0,0,0,0,0,0
ACU,Checkpoint2,31 10 2020,../workspace/J2STD/PUBLIC/trkgfreq.h,75,14,0.0,69.3,0,0.0,{undefined},,0,0,0,0.00,0.00,14,0,0,0,0,0,0,0,0,0
ACU,Checkpoint2,31 10 2020,../workspace/J2STD/PUBLIC/usr_oprt.h,144,90,0.0,79.9,0,0.0,{undefined},,0,0,0,0.00,0.00,90,0,0,0,0,0,0,0,0,0
ACU,Checkpoint2,31 10 2020,../workspace/J2STD/PUBLIC/variability.h,410,172,0.0,21.7,0,0.0,{undefined},,0,49,2,1.63,0.00,10,44,118,0,0,0,0,0,0,0
ACU,Checkpoint2,31 10 2020,../workspace/J2STD/PUBLIC/wdt.h,50,6,0.0,58.0,0,0.0,{undefined},,0,0,0,0.00,0.00,6,0,0,0,0,0,0,0,0,0
ACU,Checkpoint2,31 10 2020,../workspace/SXA_SMCFCU/PUBLIC/access_var.h,50,11,0.0,76.0,0,0.0,{undefined},,0,0,0,0.00,0.00,11,0,0,0,0,0,0,0,0,0
ACU,Checkpoint2,31 10 2020,../workspace/SXA_SMCFCU/PUBLIC/alarm_var.h,376,12,0.0,95.2,0,0.0,{undefined},,0,0,0,0.00,0.00,12,0,0,0,0,0,0,0,0,0
ACU,Checkpoint2,31 10 2020,../workspace/SXA_SMCFCU/PUBLIC/analog_var.h,42,4,0.0,73.8,0,0.0,{undefined},,0,0,0,0.00,0.00,4,0,0,0,0,0,0,0,0,0
ACU,Checkpoint2,31 10 2020,../workspace/SXA_SMCFCU/PUBLIC/aouif_var.h,45,5,0.0,71.1,0,0.0,{undefined},,0,0,0,0.00,0.00,5,0,0,0,0,0,0,0,0,0
ACU,Checkpoint2,31 10 2020,../workspace/SXA_SMCFCU/PUBLIC/clock_def_var.h,32,8,0.0,81.3,0,0.0,{undefined},,0,0,0,0.00,0.00,8,0,0,0,0,0,0,0,0,0
ACU,Checkpoint2,31 10 2020,../workspace/SXA_SMCFCU/PUBLIC/construction_var.h,175,61,0.0,54.9,0,0.0,{undefined},,0,0,0,0.00,0.00,61,0,0,0,0,0,0,0,0,0
ACU,Checkpoint2,31 10 2020,../workspace/SXA_SMCFCU/PUBLIC/dcpaif.h,59,18,0.0,79.7,0,0.0,{undefined},,0,0,0,0.00,0.00,18,0,0,0,0,0,0,0,0,0
ACU,Checkpoint2,31 10 2020,../workspace/SXA_SMCFCU/PUBLIC/eib7if_var.h,40,2,0.0,72.5,0,0.0,{undefined},,0,0,0,0.00,0.00,2,0,0,0,0,0,0,0,0,0
ACU,Checkpoint2,31 10 2020,../workspace/SXA_SMCFCU/PUBLIC/interpolation_var.h,26,3,0.0,73.1,0,0.0,{undefined},,0,0,0,0.00,0.00,3,0,0,0,0,0,0,0,0,0
ACU,Checkpoint2,31 10 2020,../workspace/SXA_SMCFCU/PUBLIC/parallel_var.h,80,28,0.0,73.8,0,0.0,{undefined},,0,0,0,0.00,0.00,28,0,0,0,0,0,0,0,0,0
ACU,Checkpoint2,31 10 2020,../workspace/SXA_SMCFCU/PUBLIC/posncmd_var.h,45,5,0.0,71.1,0,0.0,{undefined},,0,0,0,0.00,0.00,5,0,0,0,0,0,0,0,0,0
ACU,Checkpoint2,31 10 2020,../workspace/SXA_SMCFCU/PUBLIC/progcmd_var.h,25,5,0.0,72.0,0,0.0,{undefined},,0,0,0,0.00,0.00,5,0,0,0,0,0,0,0,0,0
ACU,Checkpoint2,31 10 2020,../workspace/SXA_SMCFCU/PUBLIC/realangle_var.h,24,5,0.0,75.0,0,0.0,{undefined},,0,0,0,0.00,0.00,5,0,0,0,0,0,0,0,0,0
ACU,Checkpoint2,31 10 2020,../workspace/SXA_SMCFCU/PUBLIC/remoteif_var.h,59,20,0.0,81.4,0,0.0,{undefined},,0,0,0,0.00,0.00,20,0,0,0,0,0,0,0,0,0
ACU,Checkpoint2,31 10 2020,../workspace/SXA_SMCFCU/PUBLIC/slewcmd_var.h,28,6,0.0,67.9,0,0.0,{undefined},,0,0,0,0.00,0.00,6,0,0,0,0,0,0,0,0,0
ACU,Checkpoint2,31 10 2020,../workspace/SXA_SMCFCU/PUBLIC/stepoffset.h,42,3,0.0,71.4,0,0.0,{undefined},,0,0,0,0.00,0.00,3,0,0,0,0,0,0,0,0,0
ACU,Checkpoint2,31 10 2020,../workspace/SXA_SMCFCU/PUBLIC/trkrcvrif.h,69,25,0.0,79.7,0,0.0,{undefined},,0,0,0,0.00,0.00,25,0,0,0,0,0,0,0,0,0
ACU,Checkpoint2,31 10 2020,../workspace/SXA_SMCFCU/PUBLIC/usr_oprt_var.h,46,6,0.0,71.7,0,0.0,{undefined},,0,0,0,0.00,0.00,6,0,0,0,0,0,0,0,0,0
ACU,Checkpoint2,31 10 2020,../workspace/SXA_SMCFCU/PUBLIC/variability_var.h,496,121,0.0,65.1,0,0.0,{undefined},,0,0,0,0.00,0.00,121,0,0,0,0,0,0,0,0,0
ACU,Checkpoint2,31 10 2020,../workspace/SUMCHECK/SRC/script.c,106,37,16.2,37.7,3,6.7,46,script_appload(),4,63,3,0.81,3.00,17,12,6,2,0,0,0,0,0,0
ACU,Checkpoint2,31 10 2020,../workspace/SUMCHECK/SRC/sumcheck.c,1038,374,21.7,44.2,12,25.8,137,main(),20,1015,4,1.44,8.83,65,133,126,46,4,0,0,0,0,0
ACU,Checkpoint2,31 10 2020,../workspace/SUMCHECK/SRC/version.c,47,4,0.0,74.5,1,1.0,42,SumcheckVer(),1,44,1,0.25,1.00,3,1,0,0,0,0,0,0,0,0
ACU,Checkpoint2,31 10 2020,../workspace/OPIFDRV/SRC/opif_cmd.c,636,183,8.2,56.0,19,7.0,481,s_splitCmdMsg(),14,549,4,1.17,2.00,47,89,22,18,7,0,0,0,0,0
ACU,Checkpoint2,31 10 2020,../workspace/OPIFDRV/SRC/opif_cmd.h,38,5,0.0,73.7,0,0.0,{undefined},,0,0,0,0.00,0.00,5,0,0,0,0,0,0,0,0,0
ACU,Checkpoint2,31 10 2020,../workspace/OPIFDRV/SRC/opif_fmt.h,205,127,0.0,64.4,0,0.0,{undefined},,0,41,1,0.77,0.00,29,98,0,0,0,0,0,0,0,0
ACU,Checkpoint2,31 10 2020,../workspace/OPIFDRV/SRC/opif_main.c,537,181,14.4,45.4,12,10.7,274,s_connectOPIF(),13,351,6,1.39,3.33,53,66,30,12,12,7,1,0,0,0
ACU,Checkpoint2,31 10 2020,../workspace/OPIFDRV/SRC/opif_msg.c,1603,626,17.4,46.7,41,13.9,1119,execDsrvFunc(),15,571,5,2.12,3.71,52,215,179,42,62,76,0,0,0,0
ACU,Checkpoint2,31 10 2020,../workspace/OPIFDRV/SRC/opif_msg.h,79,43,0.0,35.4,0,0.0,{undefined},,0,0,0,0.00,0.00,43,0,0,0,0,0,0,0,0,0
ACU,Checkpoint2,31 10 2020,../workspace/OPIFDRV/SRC/opif_runpls.c,85,15,13.3,64.7,3,2.0,58,runpulseOff(),2,61,2,0.53,1.67,9,4,2,0,0,0,0,0,0,0
ACU,Checkpoint2,31 10 2020,../workspace/OPIFDRV/SRC/opif_version.c,32,3,0.0,78.1,1,1.0,26,OpifDriverVer(),1,28,1,0.33,1.00,2,1,0,0,0,0,0,0,0,0
ACU,Checkpoint2,31 10 2020,../workspace/OSWRAP/SRC/clogmsg.c,283,73,13.7,44.5,6,8.8,52,clogMsg(),13,90,3,0.96,3.00,20,38,13,2,0,0,0,0,0,0
ACU,Checkpoint2,31 10 2020,../workspace/OSWRAP/SRC/hexfloat.c,233,61,6.6,45.9,8,5.5,87,d2iS(),2,93,2,0.92,1.50,17,32,12,0,0,0,0,0,0,0
ACU,Checkpoint2,31 10 2020,../workspace/OSWRAP/SRC/memmon.c,1195,590,26.1,32.5,25,20.4,711,memModify(),23,672,6,1.98,7.04,70,138,207,114,38,17,6,0,0,0
ACU,Checkpoint2,31 10 2020,../workspace/OSWRAP/SRC/system_call.c,1090,205,17.6,63.5,26,6.7,283,c_msgQReceive(),5,309,3,1.12,2.77,31,128,37,9,0,0,0,0,0,0
ACU,Checkpoint2,31 10 2020,../workspace/OSWRAP/SRC/taskcontrol.c,54,7,0.0,66.7,1,3.0,43,chgTaskPriority(),1,48,1,0.43,1.00,4,3,0,0,0,0,0,0,0,0
ACU,Checkpoint2,31 10 2020,../workspace/OSWRAP/SRC/version.c,48,4,0.0,77.1,1,1.0,42,OswrapVer(),1,44,1,0.25,1.00,3,1,0,0,0,0,0,0,0,0
ACU,Checkpoint2,31 10 2020,../workspace/OSWRAP/SRC/wrap_common.h,194,113,0.0,36.1,0,0.0,{undefined},,0,0,0,0.00,0.00,113,0,0,0,0,0,0,0,0,0
ACU,Checkpoint2,31 10 2020,../workspace/DRIVER/SRC/pci_c3135.c,2067,819,17.1,40.3,47,16.1,130,C3135Open(),22,182,5,1.28,4.11,63,540,154,50,11,1,0,0,0,0
ACU,Checkpoint2,31 10 2020,../workspace/DRIVER/SRC/pci_c3135.h,283,177,0.0,56.9,0,0.0,{undefined},,0,57,1,0.20,0.00,141,36,0,0,0,0,0,0,0,0
ACU,Checkpoint2,31 10 2020,../workspace/DRIVER/SRC/pci_common.c,284,67,9.0,56.3,10,4.9,118,pci_comPciIntrEnable(),3,127,3,0.88,1.60,18,41,6,2,0,0,0,0,0,0
ACU,Checkpoint2,31 10 2020,../workspace/DRIVER/SRC/pci_common.h,125,57,0.0,50.4,0,0.0,{undefined},,0,70,1,0.18,0.00,47,10,0,0,0,0,0,0,0,0
ACU,Checkpoint2,31 10 2020,../workspace/DRIVER/SRC/pci_ilc.c,2434,792,14.6,47.8,51,14.2,90,FilcOpen(),16,137,5,1.19,3.27,69,559,121,33,9,1,0,0,0,0
ACU,Checkpoint2,31 10 2020,../workspace/DRIVER/SRC/pci_ilc.h,221,100,0.0,76.0,0,0.0,{undefined},,0,36,1,0.51,0.00,49,51,0,0,0,0,0,0,0,0
ACU,Checkpoint2,31 10 2020,../workspace/DRIVER/SRC/pci_iso.c,1520,540,13.7,45.3,29,17.0,91,C2726Open(),10,129,5,1.24,3.59,47,368,82,35,7,1,0,0,0,0
ACU,Checkpoint2,31 10 2020,../workspace/DRIVER/SRC/pci_iso.h,226,93,0.0,69.9,0,0.0,{undefined},,0,39,1,0.44,0.00,52,41,0,0,0,0,0,0,0,0
ACU,Checkpoint2,31 10 2020,../workspace/DRIVER/SRC/pci_isoc2130.c,1356,544,15.6,36.3,30,16.5,75,C2130Open(),10,112,5,1.26,4.13,48,358,96,34,7,1,0,0,0,0
ACU,Checkpoint2,31 10 2020,../workspace/DRIVER/SRC/pci_isoc2130.h,213,83,0.0,70.0,0,0.0,{undefined},,0,39,1,0.40,0.00,50,33,0,0,0,0,0,0,0,0
ACU,Checkpoint2,31 10 2020,../workspace/DRIVER/SRC/pci_isoc2130_rom.c,40,3,0.0,72.5,0,0.0,{undefined},,0,0,0,0.00,0.00,3,0,0,0,0,0,0,0,0,0
ACU,Checkpoint2,31 10 2020,../workspace/DRIVER/SRC/pci_isoc2703.c,1893,882,12.8,33.9,39,21.2,547,C2703Open(),10,1373,5,1.19,4.31,57,654,127,36,7,1,0,0,0,0
ACU,Checkpoint2,31 10 2020,../workspace/DRIVER/SRC/pci_isoc2703.h,228,95,0.0,70.6,0,0.0,{undefined},,0,39,1,0.45,0.00,52,43,0,0,0,0,0,0,0,0
ACU,Checkpoint2,31 10 2020,../workspace/DRIVER/SRC/pci_isoc2703_rom.c,40,3,0.0,72.5,0,0.0,{undefined},,0,0,0,0.00,0.00,3,0,0,0,0,0,0,0,0,0
ACU,Checkpoint2,31 10 2020,../workspace/DRIVER/SRC/pci_isoc2994.c,1893,883,12.8,33.9,39,21.2,547,readback2994(),10,1373,5,1.19,4.31,57,655,127,36,7,1,0,0,0,0
ACU,Checkpoint2,31 10 2020,../workspace/DRIVER/SRC/pci_isoc2994.h,228,95,0.0,70.6,0,0.0,{undefined},,0,39,1,0.45,0.00,52,43,0,0,0,0,0,0,0,0
ACU,Checkpoint2,31 10 2020,../workspace/DRIVER/SRC/pci_isoc2994_rom.c,40,3,0.0,72.5,0,0.0,{undefined},,0,0,0,0.00,0.00,3,0,0,0,0,0,0,0,0,0
ACU,Checkpoint2,31 10 2020,../workspace/DRIVER/SRC/pci_iso_rom.c,40,3,0.0,70.0,0,0.0,{undefined},,0,0,0,0.00,0.00,3,0,0,0,0,0,0,0,0,0
ACU,Checkpoint2,31 10 2020,../workspace/DRIVER/SRC/pci_pls.c,1200,429,20.3,44.1,22,17.8,390,FplsSetOutput(),21,134,5,1.37,5.18,38,253,88,41,8,1,0,0,0,0
ACU,Checkpoint2,31 10 2020,../workspace/DRIVER/SRC/pci_pls.h,136,66,0.0,70.6,0,0.0,{undefined},,0,51,1,0.44,0.00,37,29,0,0,0,0,0,0,0,0
ACU,Checkpoint2,31 10 2020,../workspace/DRIVER/SRC/pci_ras.c,2529,963,18.4,42.7,46,19.5,1878,pci_rasPciInt(),19,139,5,1.33,4.93,67,618,191,65,21,1,0,0,0,0
ACU,Checkpoint2,31 10 2020,../workspace/DRIVER/SRC/pci_ras.h,223,129,0.0,81.6,0,0.0,{undefined},,0,33,1,0.37,0.00,81,48,0,0,0,0,0,0,0,0
ACU,Checkpoint2,31 10 2020,../workspace/DRIVER/SRC/pci_sdc.c,1971,891,19.4,43.8,31,27.3,575,FsdcGetAngle(),29,128,5,1.73,6.39,46,395,225,207,17,1,0,0,0,0
ACU,Checkpoint2,31 10 2020,../workspace/DRIVER/SRC/pci_sdc.h,227,145,0.0,83.3,0,0.0,{undefined},,0,34,1,0.34,0.00,96,49,0,0,0,0,0,0,0,0
ACU,Checkpoint2,31 10 2020,../workspace/DRIVER/SRC/pci_sio.c,2187,868,18.8,43.7,32,25.1,1755,pci_sioChkUartConfig(),18,250,5,1.27,6.38,66,561,192,42,6,1,0,0,0,0
ACU,Checkpoint2,31 10 2020,../workspace/DRIVER/SRC/pci_sio.h,332,206,0.0,75.3,0,0.0,{undefined},,0,101,2,0.37,0.00,131,73,2,0,0,0,0,0,0,0
ACU,Checkpoint2,31 10 2020,../workspace/DRIVER/SRC/pci_sio_data.c,423,139,15.8,47.5,8,12.6,251,pci_sioCheckRxData(),12,272,4,1.08,4.38,34,72,24,6,3,0,0,0,0,0
ACU,Checkpoint2,31 10 2020,../workspace/DRIVER/SRC/pci_sio_data.h,33,5,0.0,66.7,0,0.0,{undefined},,0,0,0,0.00,0.00,5,0,0,0,0,0,0,0,0,0
ACU,Checkpoint2,31 10 2020,../workspace/DRIVER/SRC/pci_sio_debug.c,383,176,11.4,36.0,8,19.1,49,FsioStoreDebugReg(),8,266,4,1.26,3.75,23,93,52,7,1,0,0,0,0,0
ACU,Checkpoint2,31 10 2020,../workspace/DRIVER/SRC/pci_sio_debug.h,79,41,0.0,67.1,0,0.0,{undefined},,0,27,1,0.54,0.00,19,22,0,0,0,0,0,0,0,0
ACU,Checkpoint2,31 10 2020,../workspace/DRIVER/SRC/pci_sio_rcvtask.c,251,84,14.3,52.2,4,13.5,123,pci_sioPciRcvTask(),14,178,4,1.15,4.75,26,31,16,10,1,0,0,0,0,0
ACU,Checkpoint2,31 10 2020,../workspace/DRIVER/SRC/pci_sio_rcvtask.h,32,5,0.0,68.8,0,0.0,{undefined},,0,0,0,0.00,0.00,5,0,0,0,0,0,0,0,0,0
ACU,Checkpoint2,31 10 2020,../workspace/DRIVER/SRC/pci_sva.c,1779,699,17.0,43.6,31,21.1,87,FsvaOpen(),17,135,5,1.28,4.97,46,476,127,37,12,1,0,0,0,0
ACU,Checkpoint2,31 10 2020,../workspace/DRIVER/SRC/pci_sva.h,190,98,0.0,77.4,0,0.0,{undefined},,0,34,1,0.38,0.00,61,37,0,0,0,0,0,0,0,0
ACU,Checkpoint2,31 10 2020,../workspace/DRIVER/SRC/version.c,60,9,0.0,70.0,2,1.0,38,CardDriverVer(),1,40,1,0.22,1.00,7,2,0,0,0,0,0,0,0,0
ACU,Checkpoint2,31 10 2020,../workspace/SYSDATA/SRC/sysdattsk.c,534,151,20.5,49.8,12,9.2,119,p_sysdata(),13,521,5,1.52,3.67,39,49,27,19,16,1,0,0,0,0
ACU,Checkpoint2,31 10 2020,../workspace/SYSDATA/SRC/sysdtadm.c,429,136,6.6,48.0,11,10.1,109,store_req(),4,86,2,0.88,3.09,25,102,9,0,0,0,0,0,0,0
ACU,Checkpoint2,31 10 2020,../workspace/SYSDATA/SRC/sysdtadm_lcl.h,100,31,0.0,71.0,0,0.0,{undefined},,0,46,1,0.19,0.00,25,6,0,0,0,0,0,0,0,0
ACU,Checkpoint2,31 10 2020,../workspace/SYSDATA/SRC/sysload.c,537,171,21.6,46.6,7,21.1,448,s_format_chk(),21,466,4,1.46,8.57,23,73,54,15,6,0,0,0,0,0
ACU,Checkpoint2,31 10 2020,../workspace/SYSDATA/SRC/syslog.c,78,17,17.6,64.1,1,12.0,44,sysLogSave(),4,56,2,0.88,4.00,5,9,3,0,0,0,0,0,0,0
ACU,Checkpoint2,31 10 2020,../workspace/SYSDATA/SRC/syssave.c,350,123,19.5,42.6,5,21.8,121,s_sysdat_edit(),10,138,3,1.42,6.20,14,52,48,9,0,0,0,0,0,0
ACU,Checkpoint2,31 10 2020,../workspace/SYSDATA/SRC/sysstore.c,108,29,13.8,51.9,2,11.0,42,sysdataStore(),4,58,2,0.90,3.00,7,18,4,0,0,0,0,0,0,0
ACU,Checkpoint2,31 10 2020,../workspace/SYSDATA/SRC/sysutil.c,51,8,0.0,66.7,1,5.0,36,changeSuffix(),1,42,1,0.63,1.00,3,5,0,0,0,0,0,0,0,0
ACU,Checkpoint2,31 10 2020,../workspace/SYSDATA/SRC/sys_common.h,184,109,0.0,35.3,0,0.0,{undefined},,0,0,0,0.00,0.00,109,0,0,0,0,0,0,0,0,0
ACU,Checkpoint2,31 10 2020,../workspace/SYSDATA/SRC/version.c,48,4,0.0,72.9,1,1.0,42,SysdataVer(),1,44,1,0.25,1.00,3,1,0,0,0,0,0,0,0,0
ACU,Checkpoint2,31 10 2020,../workspace/J2STD/SRC/ALMLOG/almlog.c,276,89,13.5,47.1,3,21.3,147,c_almlogDetect_impl(),12,191,4,1.58,5.00,25,26,5,27,6,0,0,0,0,0
ACU,Checkpoint2,31 10 2020,../workspace/J2STD/SRC/ALMLOG/almlogtsk.c,509,175,11.4,46.6,10,13.9,120,p_almlogtask(),7,163,4,1.10,3.10,35,98,33,8,1,0,0,0,0,0
ACU,Checkpoint2,31 10 2020,../workspace/J2STD/SRC/ALMLOG/almlog_lcl.h,86,33,0.0,58.1,0,0.0,{undefined},,0,39,1,0.18,0.00,27,6,0,0,0,0,0,0,0,0
ACU,Checkpoint2,31 10 2020,../workspace/J2STD/SRC/CLOCK/clk_intrpt.c,276,89,9.0,45.7,5,13.2,240,startAbsTimer(),4,75,2,0.87,2.60,23,55,11,0,0,0,0,0,0,0
ACU,Checkpoint2,31 10 2020,../workspace/J2STD/SRC/CLOCK/clock_init.c,281,104,15.4,46.3,3,24.0,143,add_cycle(),16,206,4,1.05,6.33,32,46,16,9,1,0,0,0,0,0
ACU,Checkpoint2,31 10 2020,../workspace/J2STD/SRC/CLOCK/clock_lcl.h,93,45,0.0,63.4,0,0.0,{undefined},,0,53,1,0.20,0.00,36,9,0,0,0,0,0,0,0,0
ACU,Checkpoint2,31 10 2020,../workspace/J2STD/SRC/CLOCK/mtvtask.c,476,171,28.7,48.5,6,21.7,115,p_mtvtask(),30,178,6,1.97,12.33,35,47,39,18,12,10,10,0,0,0
ACU,Checkpoint2,31 10 2020,../workspace/J2STD/SRC/CLOCK/timer.c,209,59,16.9,51.2,4,9.3,75,setTimer(),5,91,4,1.24,3.75,16,26,7,7,3,0,0,0,0,0
ACU,Checkpoint2,31 10 2020,../workspace/J2STD/SRC/COMFUNC/acucom.c,1077,336,25.3,44.4,25,12.4,234,chkAscii(),9,48,4,1.45,4.88,27,169,109,25,6,0,0,0,0,0
ACU,Checkpoint2,31 10 2020,../workspace/J2STD/SRC/COMFUNC/anglecom.c,501,161,21.7,47.5,11,13.4,28,c_xy_az(),10,73,3,1.22,5.09,14,99,46,2,0,0,0,0,0,0
ACU,Checkpoint2,31 10 2020,../workspace/J2STD/SRC/COMFUNC/cfilter.c,105,27,18.5,57.1,1,25.0,45,c2dFilter(),7,59,3,1.44,7.00,2,15,6,4,0,0,0,0,0,0
ACU,Checkpoint2,31 10 2020,../workspace/J2STD/SRC/COMFUNC/runpulse.c,129,34,20.6,58.1,3,7.7,51,runpulseOut(),6,66,4,1.21,3.67,11,12,6,3,2,0,0,0,0,0
ACU,Checkpoint2,31 10 2020,../workspace/J2STD/SRC/COMFUNC/variability.c,53,10,0.0,60.4,3,1.0,36,set_variability(),1,37,1,0.30,1.00,7,3,0,0,0,0,0,0,0,0
ACU,Checkpoint2,31 10 2020,../workspace/J2STD/SRC/CPU/copytime.c,125,60,5.0,39.2,3,16.0,76,loopCopyTime(),3,53,2,1.00,2.00,12,36,12,0,0,0,0,0,0,0
ACU,Checkpoint2,31 10 2020,../workspace/J2STD/SRC/CPU/cpu_dcpsh7780.c,502,161,7.5,36.5,15,7.5,310,p_CpuFlashEraseAll(),7,321,3,0.84,1.87,49,93,15,4,0,0,0,0,0,0
ACU,Checkpoint2,31 10 2020,../workspace/J2STD/SRC/CPU/flashring.c,289,139,23.7,31.8,6,20.5,42,flashRingSearchNext(),11,62,4,1.78,7.33,16,48,35,31,9,0,0,0,0,0
ACU,Checkpoint2,31 10 2020,../workspace/J2STD/SRC/DSP/dsp.c,921,282,17.7,38.5,12,18.9,513,dsp_pre_tx(),14,573,5,1.56,5.08,51,97,83,31,16,4,0,0,0,0
ACU,Checkpoint2,31 10 2020,../workspace/J2STD/SRC/DSP/dsp.h,260,83,0.0,56.5,0,0.0,{undefined},,0,41,1,0.34,0.00,55,28,0,0,0,0,0,0,0,0
ACU,Checkpoint2,31 10 2020,../workspace/J2STD/SRC/DSP/dsp_ax.c,337,25,0.0,13.4,0,0.0,{undefined},,0,0,0,0.00,0.00,25,0,0,0,0,0,0,0,0,0
ACU,Checkpoint2,31 10 2020,../workspace/J2STD/SRC/DSP/dsp_ax.h,153,91,0.0,56.9,0,0.0,{undefined},,0,46,1,0.18,0.00,75,16,0,0,0,0,0,0,0,0
ACU,Checkpoint2,31 10 2020,../workspace/J2STD/SRC/DSP/dsp_ci.c,606,24,0.0,21.1,0,0.0,{undefined},,0,0,0,0.00,0.00,24,0,0,0,0,0,0,0,0,0
ACU,Checkpoint2,31 10 2020,../workspace/J2STD/SRC/DSP/dsp_ci.h,43,19,0.0,32.6,0,0.0,{undefined},,0,0,0,0.00,0.00,19,0,0,0,0,0,0,0,0,0
ACU,Checkpoint2,31 10 2020,../workspace/J2STD/SRC/DSP/dsp_coff.c,249,108,6.5,50.2,2,23.5,153,dsp_coff_tx(),8,225,3,0.90,4.50,33,57,14,4,0,0,0,0,0,0
ACU,Checkpoint2,31 10 2020,../workspace/J2STD/SRC/DSP/dsp_hw.c,350,60,0.0,52.0,9,3.7,98,dsp_dtoh(),1,105,1,0.55,1.00,27,33,0,0,0,0,0,0,0,0
ACU,Checkpoint2,31 10 2020,../workspace/J2STD/SRC/DSP/dsp_hw.h,88,13,0.0,55.7,0,0.0,{undefined},,0,0,0,0.00,0.00,13,0,0,0,0,0,0,0,0,0
ACU,Checkpoint2,31 10 2020,../workspace/J2STD/SRC/DSP/dsp_memmon.c,55,19,15.8,54.5,1,14.0,33,dsp_memmon(),4,45,2,0.89,4.00,5,11,3,0,0,0,0,0,0,0
ACU,Checkpoint2,31 10 2020,../workspace/J2STD/SRC/DSP/dsp_trx_sub.c,725,250,22.0,28.1,23,9.5,68,set_dsp_alarm(),21,385,4,1.56,3.43,31,111,51,51,6,0,0,0,0,0
ACU,Checkpoint2,31 10 2020,../workspace/J2STD/SRC/DSP/dsp_trx_sub.h,177,25,0.0,37.3,0,0.0,{undefined},,0,0,0,0.00,0.00,25,0,0,0,0,0,0,0,0,0
ACU,Checkpoint2,31 10 2020,../workspace/J2STD/SRC/DSP/dsp_user.c,612,197,15.2,40.5,19,8.3,380,constructCpuAxis2DspAxis(),14,413,3,1.31,2.58,40,84,45,28,0,0,0,0,0,0
ACU,Checkpoint2,31 10 2020,../workspace/J2STD/SRC/EIB7IF/eib7iftask.c,207,67,10.4,47.3,5,7.0,134,p_eib7iftask(),5,147,3,0.79,2.60,28,27,10,2,0,0,0,0,0,0
ACU,Checkpoint2,31 10 2020,../workspace/J2STD/SRC/ERROR/errintr.c,158,36,2.8,54.4,4,5.0,117,i_cpuErrorHandler(),2,139,2,0.72,1.25,16,14,6,0,0,0,0,0,0,0
ACU,Checkpoint2,31 10 2020,../workspace/J2STD/SRC/ERROR/halt.c,475,175,11.4,38.1,10,11.9,169,p_halttask(),12,244,4,1.08,3.60,54,73,32,12,4,0,0,0,0,0
ACU,Checkpoint2,31 10 2020,../workspace/J2STD/SRC/ERROR/wdt.c,149,49,22.4,53.7,3,11.3,92,wdtReset(),8,116,4,1.49,5.00,15,7,17,8,2,0,0,0,0,0
ACU,Checkpoint2,31 10 2020,../workspace/J2STD/SRC/OPIF/opiffunc.c,934,238,25.6,42.0,33,5.2,284,getCmdInEna(),14,346,4,1.25,3.76,65,88,50,31,4,0,0,0,0,0
ACU,Checkpoint2,31 10 2020,../workspace/J2STD/SRC/OPIF/opifinit.c,484,179,21.2,37.4,10,12.3,136,m_opif_renew(),17,307,5,1.47,6.50,50,54,45,10,10,10,0,0,0,0
ACU,Checkpoint2,31 10 2020,../workspace/J2STD/SRC/OPIF/opiftbl.c,116,57,0.0,27.6,0,0.0,{undefined},,0,0,0,0.00,0.00,57,0,0,0,0,0,0,0,0,0
ACU,Checkpoint2,31 10 2020,../workspace/J2STD/SRC/OPIF/opif_lcl.h,240,103,0.0,24.6,0,0.0,{undefined},,0,24,1,0.13,0.00,90,13,0,0,0,0,0,0,0,0
ACU,Checkpoint2,31 10 2020,../workspace/J2STD/SRC/PARALLEL/angmarker.c,138,45,20.0,50.0,1,32.0,51,m_angmarker(),36,113,3,1.16,36.00,13,16,12,4,0,0,0,0,0,0
ACU,Checkpoint2,31 10 2020,../workspace/J2STD/SRC/PARALLEL/parallel.c,141,58,10.3,34.0,3,8.7,91,pioOutput(),4,75,3,0.78,3.00,32,10,13,3,0,0,0,0,0,0
ACU,Checkpoint2,31 10 2020,../workspace/J2STD/SRC/PARALLEL/parallel_lcl.h,89,33,0.0,58.4,0,0.0,{undefined},,0,21,1,0.36,0.00,21,12,0,0,0,0,0,0,0,0
ACU,Checkpoint2,31 10 2020,../workspace/J2STD/SRC/PARALLEL/paralle_init.c,369,100,3.0,53.4,9,4.7,263,c2994_output_init(),2,275,2,0.54,1.33,58,30,12,0,0,0,0,0,0,0
ACU,Checkpoint2,31 10 2020,../workspace/J2STD/SRC/P_CONT/access.c,553,212,27.8,34.9,11,15.6,103,m_access_impl(),30,138,5,1.55,8.09,40,65,68,31,6,2,0,0,0,0
ACU,Checkpoint2,31 10 2020,../workspace/J2STD/SRC/P_CONT/access_lcl.h,51,13,0.0,62.7,0,0.0,{undefined},,0,33,1,0.23,0.00,10,3,0,0,0,0,0,0,0,0
ACU,Checkpoint2,31 10 2020,../workspace/J2STD/SRC/P_CONT/alarm.c,707,229,15.3,44.8,17,7.8,299,s_make_proper_alm(),5,256,3,0.94,3.35,97,74,33,25,0,0,0,0,0,0
ACU,Checkpoint2,31 10 2020,../workspace/J2STD/SRC/P_CONT/alarm_lcl.h,80,26,0.0,51.2,0,0.0,{undefined},,0,0,0,0.00,0.00,26,0,0,0,0,0,0,0,0,0
ACU,Checkpoint2,31 10 2020,../workspace/J2STD/SRC/P_CONT/coastmode.c,204,48,37.5,48.5,3,10.3,117,s_coast_st(),20,127,3,1.23,8.00,17,10,14,7,0,0,0,0,0,0
ACU,Checkpoint2,31 10 2020,../workspace/J2STD/SRC/P_CONT/coastmode_lcl.h,47,9,0.0,61.7,0,0.0,{undefined},,0,0,0,0.00,0.00,9,0,0,0,0,0,0,0,0,0
ACU,Checkpoint2,31 10 2020,../workspace/J2STD/SRC/P_CONT/conttask.c,291,107,4.7,43.6,3,18.3,175,p_conttask(),6,189,3,0.89,3.00,48,26,30,3,0,0,0,0,0,0
ACU,Checkpoint2,31 10 2020,../workspace/J2STD/SRC/P_CONT/conttask_lcl.h,41,7,0.0,63.4,0,0.0,{undefined},,0,0,0,0.00,0.00,7,0,0,0,0,0,0,0,0,0
ACU,Checkpoint2,31 10 2020,../workspace/J2STD/SRC/P_CONT/drmode.c,315,106,25.5,50.5,5,17.6,202,s_mode_stat(),12,162,4,1.47,6.40,18,43,23,21,1,0,0,0,0,0
ACU,Checkpoint2,31 10 2020,../workspace/J2STD/SRC/P_CONT/drmode_lcl.h,72,25,0.0,62.5,0,0.0,{undefined},,0,30,1,0.08,0.00,23,2,0,0,0,0,0,0,0,0
ACU,Checkpoint2,31 10 2020,../workspace/J2STD/SRC/P_CONT/dronoff.c,506,130,19.2,68.4,7,14.1,340,s_drv_timing(),23,381,4,1.68,4.57,29,37,26,22,16,0,0,0,0,0
ACU,Checkpoint2,31 10 2020,../workspace/J2STD/SRC/P_CONT/elvanglmode.c,99,20,25.0,52.5,2,4.5,74,s_chg_elvanglmode(),9,83,3,0.85,5.50,11,3,4,2,0,0,0,0,0,0
ACU,Checkpoint2,31 10 2020,../workspace/J2STD/SRC/P_CONT/interlock.c,485,177,20.9,51.8,6,23.8,151,s_drvcontrol(),19,206,4,1.31,7.33,34,75,51,13,4,0,0,0,0,0
ACU,Checkpoint2,31 10 2020,../workspace/J2STD/SRC/P_CONT/interlock_lcl.h,77,22,0.0,58.4,0,0.0,{undefined},,0,45,1,0.18,0.00,18,4,0,0,0,0,0,0,0,0
ACU,Checkpoint2,31 10 2020,../workspace/J2STD/SRC/P_CONT/interpolation.c,312,103,18.4,50.3,6,11.3,84,m_prog_interpolation(),9,117,4,1.31,4.83,35,28,19,15,6,0,0,0,0,0
ACU,Checkpoint2,31 10 2020,../workspace/J2STD/SRC/P_CONT/interpolation_lcl.h,32,10,0.0,65.6,0,0.0,{undefined},,0,0,0,0.00,0.00,10,0,0,0,0,0,0,0,0,0
ACU,Checkpoint2,31 10 2020,../workspace/J2STD/SRC/P_CONT/looptask_healthchk.c,84,20,20.0,54.8,2,5.0,61,m_looptask_healthChk(),5,70,4,1.00,3.00,10,5,1,3,1,0,0,0,0,0
ACU,Checkpoint2,31 10 2020,../workspace/J2STD/SRC/P_CONT/motor.c,383,91,11.0,62.7,12,4.8,79,m_motor_cont(),8,84,2,0.91,3.42,31,37,23,0,0,0,0,0,0,0
ACU,Checkpoint2,31 10 2020,../workspace/J2STD/SRC/P_CONT/pol.c,403,104,8.7,42.2,9,6.6,311,make_pol_time_out(),5,328,3,0.87,2.67,40,42,18,4,0,0,0,0,0,0
ACU,Checkpoint2,31 10 2020,../workspace/J2STD/SRC/P_CONT/srvband.c,138,47,17.0,38.4,2,17.5,77,m_servoband_impl(),16,98,4,2.11,9.00,12,6,6,11,12,0,0,0,0,0
ACU,Checkpoint2,31 10 2020,../workspace/J2STD/SRC/P_CONT/srvband_lcl.h,39,5,0.0,66.7,0,0.0,{undefined},,0,0,0,0.00,0.00,5,0,0,0,0,0,0,0,0,0
ACU,Checkpoint2,31 10 2020,../workspace/J2STD/SRC/P_CONT/srvparam.c,520,116,17.2,46.7,7,11.3,304,s_srvparam_set(),23,350,3,1.14,5.43,37,38,29,12,0,0,0,0,0,0
ACU,Checkpoint2,31 10 2020,../workspace/J2STD/SRC/P_CONT/srvparam_lcl.h,35,6,0.0,62.9,0,0.0,{undefined},,0,0,0,0.00,0.00,6,0,0,0,0,0,0,0,0,0
ACU,Checkpoint2,31 10 2020,../workspace/J2STD/SRC/P_CONT/stowpin.c,392,105,18.1,47.4,13,5.2,148,stowPinAx2InsrCnt(),8,225,3,1.06,3.85,38,28,34,5,0,0,0,0,0,0
ACU,Checkpoint2,31 10 2020,../workspace/J2STD/SRC/P_CONT/trkgfreq.c,334,107,17.8,39.8,9,7.2,191,chg_trkgfreq_auto(),15,200,4,1.23,5.00,42,25,20,13,7,0,0,0,0,0
ACU,Checkpoint2,31 10 2020,../workspace/J2STD/SRC/P_CONT/trkgfreq_lcl.h,46,4,0.0,71.7,0,0.0,{undefined},,0,0,0,0.00,0.00,4,0,0,0,0,0,0,0,0,0
ACU,Checkpoint2,31 10 2020,../workspace/J2STD/SRC/P_INIT/cardinit.c,238,143,0.7,31.9,6,18.3,133,cardSetCycle(),2,137,2,0.78,1.17,33,108,2,0,0,0,0,0,0,0
ACU,Checkpoint2,31 10 2020,../workspace/J2STD/SRC/P_INIT/drivererror.c,204,113,33.6,31.9,2,44.0,65,driverError(),26,112,4,1.84,17.50,23,25,27,23,15,0,0,0,0,0
ACU,Checkpoint2,31 10 2020,../workspace/J2STD/SRC/P_INIT/inittask.c,423,172,2.9,38.3,4,30.3,252,p_inittask(),4,209,2,0.75,2.25,51,113,8,0,0,0,0,0,0,0
ACU,Checkpoint2,31 10 2020,../workspace/J2STD/SRC/P_INIT/inittask_lcl.h,54,6,0.0,68.5,0,0.0,{undefined},,0,0,0,0.00,0.00,6,0,0,0,0,0,0,0,0,0
ACU,Checkpoint2,31 10 2020,../workspace/J2STD/SRC/P_INIT/printversion.c,86,35,2.9,46.5,1,20.0,54,printVersion(),2,60,2,0.63,2.00,15,18,2,0,0,0,0,0,0,0
ACU,Checkpoint2,31 10 2020,../workspace/J2STD/SRC/P_INIT/printversion_lcl.h,41,6,0.0,68.3,0,0.0,{undefined},,0,0,0,0.00,0.00,6,0,0,0,0,0,0,0,0,0
ACU,Checkpoint2,31 10 2020,../workspace/J2STD/SRC/P_LOOP/acuunittest.c,499,142,14.1,48.1,8,12.5,141,m_unittest(),9,176,5,0.98,3.63,42,70,25,2,2,1,0,0,0,0
ACU,Checkpoint2,31 10 2020,../workspace/J2STD/SRC/P_LOOP/analog.c,379,136,12.5,40.4,9,10.4,105,m_analog_init(),6,123,3,1.11,3.11,42,52,27,15,0,0,0,0,0,0
ACU,Checkpoint2,31 10 2020,../workspace/J2STD/SRC/P_LOOP/analog_lcl.h,32,4,0.0,71.9,0,0.0,{undefined},,0,0,0,0.00,0.00,4,0,0,0,0,0,0,0,0,0
ACU,Checkpoint2,31 10 2020,../workspace/J2STD/SRC/P_LOOP/autoerr.c,888,301,13.6,41.7,19,10.7,690,ax_auto_err_azelcr_high(),14,416,5,1.13,3.79,89,128,55,21,2,6,0,0,0,0
ACU,Checkpoint2,31 10 2020,../workspace/J2STD/SRC/P_LOOP/autoprog.c,574,159,17.6,48.4,14,8.3,193,s_calc_aperr(),12,232,4,1.26,3.79,43,62,34,10,10,0,0,0,0,0
ACU,Checkpoint2,31 10 2020,../workspace/J2STD/SRC/P_LOOP/cmdangle.c,585,169,26.0,43.9,11,11.5,77,m_cangle(),24,110,3,1.09,7.00,43,74,46,6,0,0,0,0,0,0
ACU,Checkpoint2,31 10 2020,../workspace/J2STD/SRC/P_LOOP/coasting.c,199,61,11.5,46.2,4,9.3,141,makeAve(),4,125,3,0.98,2.75,24,18,15,4,0,0,0,0,0,0
ACU,Checkpoint2,31 10 2020,../workspace/J2STD/SRC/P_LOOP/coasting_lcl.h,47,9,0.0,61.7,0,0.0,{undefined},,0,0,0,0.00,0.00,9,0,0,0,0,0,0,0,0,0
ACU,Checkpoint2,31 10 2020,../workspace/J2STD/SRC/P_LOOP/damonitor.c,84,19,15.8,53.6,2,6.0,36,m_damonitor(),3,42,2,0.89,3.00,7,7,5,0,0,0,0,0,0,0
ACU,Checkpoint2,31 10 2020,../workspace/J2STD/SRC/P_LOOP/looptask.c,318,117,1.7,42.8,3,21.7,108,m_looptask_init(),2,129,2,0.61,1.67,48,67,2,0,0,0,0,0,0,0
ACU,Checkpoint2,31 10 2020,../workspace/J2STD/SRC/P_LOOP/looptask_lcl.h,42,8,0.0,61.9,0,0.0,{undefined},,0,0,0,0.00,0.00,8,0,0,0,0,0,0,0,0,0
ACU,Checkpoint2,31 10 2020,../workspace/J2STD/SRC/P_LOOP/majref.c,634,157,12.1,48.1,14,7.5,132,s_ax1_majref(),5,187,4,0.94,2.43,52,72,26,5,2,0,0,0,0,0
ACU,Checkpoint2,31 10 2020,../workspace/J2STD/SRC/P_LOOP/makelevel.c,155,49,6.1,48.4,3,9.3,104,s_setbeacon(),4,123,3,0.84,2.33,21,17,9,2,0,0,0,0,0,0
ACU,Checkpoint2,31 10 2020,../workspace/J2STD/SRC/P_LOOP/makelevel_lcl.h,32,4,0.0,71.9,0,0.0,{undefined},,0,0,0,0.00,0.00,4,0,0,0,0,0,0,0,0,0
ACU,Checkpoint2,31 10 2020,../workspace/J2STD/SRC/P_LOOP/mancmd.c,161,38,7.9,49.1,4,4.8,133,ax_make_majref_man(),3,148,3,0.71,1.75,19,13,4,2,0,0,0,0,0,0
ACU,Checkpoint2,31 10 2020,../workspace/J2STD/SRC/P_LOOP/overspd.c,377,104,8.7,52.3,11,6.1,210,s_chk_speed(),6,251,3,0.81,1.82,37,51,15,1,0,0,0,0,0,0
ACU,Checkpoint2,31 10 2020,../workspace/J2STD/SRC/P_LOOP/posncmd.c,537,149,22.8,48.6,10,10.9,214,cangle_posn(),9,264,4,1.11,4.50,40,61,42,4,2,0,0,0,0,0
ACU,Checkpoint2,31 10 2020,../workspace/J2STD/SRC/P_LOOP/posnloop.c,1100,265,16.6,56.4,13,16.0,989,s_init_boost_nonboostsrvtype(),18,835,3,1.14,6.00,57,127,67,14,0,0,0,0,0,0
ACU,Checkpoint2,31 10 2020,../workspace/J2STD/SRC/P_LOOP/posnloop_lcl.h,32,4,0.0,71.9,0,0.0,{undefined},,0,0,0,0.00,0.00,4,0,0,0,0,0,0,0,0,0
ACU,Checkpoint2,31 10 2020,../workspace/J2STD/SRC/P_LOOP/potin.c,111,26,34.6,44.1,1,19.0,41,m_pot_get_ang(),13,59,3,1.54,13.00,7,4,9,6,0,0,0,0,0,0
ACU,Checkpoint2,31 10 2020,../workspace/J2STD/SRC/P_LOOP/presetposn.c,309,118,22.9,36.6,8,10.5,181,presetPosn(),15,212,5,2.02,5.00,34,17,17,21,21,8,0,0,0,0
ACU,Checkpoint2,31 10 2020,../workspace/J2STD/SRC/P_LOOP/presetposn_lcl.h,48,3,0.0,70.8,0,0.0,{undefined},,0,0,0,0.00,0.00,3,0,0,0,0,0,0,0,0,0
ACU,Checkpoint2,31 10 2020,../workspace/J2STD/SRC/P_LOOP/progcmd.c,914,324,21.6,41.4,20,12.4,390,chg_progcmd_ang(),18,288,5,1.47,6.30,76,107,79,43,13,6,0,0,0,0
ACU,Checkpoint2,31 10 2020,../workspace/J2STD/SRC/P_LOOP/progcmd_lcl.h,79,26,0.0,54.4,0,0.0,{undefined},,0,0,0,0.00,0.00,26,0,0,0,0,0,0,0,0,0
ACU,Checkpoint2,31 10 2020,../workspace/J2STD/SRC/P_LOOP/pulse.c,223,55,3.6,52.0,6,5.2,119,s_pulse_drive(),3,127,2,0.60,1.33,24,29,2,0,0,0,0,0,0,0
ACU,Checkpoint2,31 10 2020,../workspace/J2STD/SRC/P_LOOP/rdin.c,441,140,15.0,43.3,12,8.2,155,rdinGetAng(),9,177,4,1.14,2.75,36,70,18,10,6,0,0,0,0,0
ACU,Checkpoint2,31 10 2020,../workspace/J2STD/SRC/P_LOOP/realangle.c,620,129,24.8,44.8,14,6.5,422,s_cable_overlap(),10,447,4,1.19,4.00,38,45,34,8,4,0,0,0,0,0
ACU,Checkpoint2,31 10 2020,../workspace/J2STD/SRC/P_LOOP/realangle_lcl.h,39,12,0.0,59.0,0,0.0,{undefined},,0,0,0,0.00,0.00,12,0,0,0,0,0,0,0,0,0
ACU,Checkpoint2,31 10 2020,../workspace/J2STD/SRC/P_LOOP/runaway.c,426,107,9.3,49.3,8,8.1,330,s_chk_runaway(),8,370,4,0.96,3.13,36,46,20,3,2,0,0,0,0,0
ACU,Checkpoint2,31 10 2020,../workspace/J2STD/SRC/P_LOOP/sdin.c,368,86,9.3,54.6,6,9.8,95,m_sdin_init(),4,119,2,0.93,2.50,27,38,21,0,0,0,0,0,0,0
ACU,Checkpoint2,31 10 2020,../workspace/J2STD/SRC/P_LOOP/sdin_lcl.h,52,4,0.0,73.1,0,0.0,{undefined},,0,0,0,0.00,0.00,4,0,0,0,0,0,0,0,0,0
ACU,Checkpoint2,31 10 2020,../workspace/J2STD/SRC/P_LOOP/slavecmd.c,331,82,14.6,52.0,7,7.0,213,calc_rcvSlavecmd(),8,233,3,1.00,3.14,33,21,23,5,0,0,0,0,0,0
ACU,Checkpoint2,31 10 2020,../workspace/J2STD/SRC/P_LOOP/slewcmd.c,637,162,23.5,51.3,11,10.5,366,s_getSlewRecInf(),18,233,3,1.17,6.55,43,57,54,8,0,0,0,0,0,0
ACU,Checkpoint2,31 10 2020,../workspace/J2STD/SRC/P_LOOP/slewcmd_lcl.h,41,12,0.0,58.5,0,0.0,{undefined},,0,0,0,0.00,0.00,12,0,0,0,0,0,0,0,0,0
ACU,Checkpoint2,31 10 2020,../workspace/J2STD/SRC/P_LOOP/srvtest.c,659,261,26.8,49.6,11,19.5,127,m_servotest(),27,163,3,1.55,7.18,42,73,106,40,0,0,0,0,0,0
ACU,Checkpoint2,31 10 2020,../workspace/J2STD/SRC/P_LOOP/step.c,3089,1046,19.2,64.0,97,8.4,2594,s_peak_drv(),24,2620,5,1.40,3.21,236,388,266,92,56,8,0,0,0,0
ACU,Checkpoint2,31 10 2020,../workspace/J2STD/SRC/P_LOOP/stepcmd.c,501,213,19.7,38.9,9,18.2,319,make_stepcmd_status(),25,111,3,1.10,6.11,49,96,65,3,0,0,0,0,0,0
ACU,Checkpoint2,31 10 2020,../workspace/J2STD/SRC/P_LOOP/stepcmd_lcl.h,32,4,0.0,71.9,0,0.0,{undefined},,0,0,0,0.00,0.00,4,0,0,0,0,0,0,0,0,0
ACU,Checkpoint2,31 10 2020,../workspace/J2STD/SRC/P_LOOP/stepram.c,69,30,0.0,66.7,0,0.0,{undefined},,0,0,0,0.00,0.00,30,0,0,0,0,0,0,0,0,0
ACU,Checkpoint2,31 10 2020,../workspace/J2STD/SRC/P_LOOP/stepsub.c,299,124,25.0,45.2,5,22.2,122,c_stepdrv(),23,167,4,1.67,8.40,13,53,26,26,6,0,0,0,0,0
ACU,Checkpoint2,31 10 2020,../workspace/J2STD/SRC/P_LOOP/steptest.c,394,119,5.9,54.1,11,7.1,102,m_step_test_impl(),5,115,3,0.81,1.73,41,66,6,6,0,0,0,0,0,0
ACU,Checkpoint2,31 10 2020,../workspace/J2STD/SRC/P_LOOP/steptest_lcl.h,32,4,0.0,71.9,0,0.0,{undefined},,0,0,0,0.00,0.00,4,0,0,0,0,0,0,0,0,0
ACU,Checkpoint2,31 10 2020,../workspace/J2STD/SRC/P_LOOP/stowposn.c,185,49,14.3,51.9,8,3.4,127,stowPosnAx2Cnt(),12,99,2,0.78,3.13,22,16,11,0,0,0,0,0,0,0
ACU,Checkpoint2,31 10 2020,../workspace/J2STD/SRC/REMOTE/aouif.c,179,44,0.0,44.1,4,2.5,121,wakeupAouSendTask(),1,123,1,0.23,1.00,34,10,0,0,0,0,0,0,0,0
ACU,Checkpoint2,31 10 2020,../workspace/J2STD/SRC/REMOTE/aouif_lcl.h,47,13,0.0,57.4,0,0.0,{undefined},,0,0,0,0.00,0.00,13,0,0,0,0,0,0,0,0,0
ACU,Checkpoint2,31 10 2020,../workspace/J2STD/SRC/REMOTE/delimiter.c,184,51,15.7,51.1,3,13.3,84,s_delimiter_rmt(),4,105,3,1.14,3.67,11,24,14,2,0,0,0,0,0,0
ACU,Checkpoint2,31 10 2020,../workspace/J2STD/SRC/REMOTE/remoteif.c,184,47,2.1,42.9,4,3.0,123,initRemote(),2,130,2,0.28,1.25,35,11,1,0,0,0,0,0,0,0
ACU,Checkpoint2,31 10 2020,../workspace/J2STD/SRC/REMOTE/remoteif_lcl.h,49,15,0.0,55.1,0,0.0,{undefined},,0,0,0,0.00,0.00,15,0,0,0,0,0,0,0,0,0
ACU,Checkpoint2,31 10 2020,../workspace/J2STD/SRC/REMOTE/remoteif_sub.c,497,76,0.0,56.9,37,1.0,38,s_setRemoteProgElPredCommandEnable(),1,43,1,0.49,1.00,39,37,0,0,0,0,0,0,0,0
ACU,Checkpoint2,31 10 2020,../workspace/J2STD/SRC/REMOTE/serial.c,1019,264,14.4,51.8,18,12.8,168,s_rxtrns_bit(),9,62,2,1.03,4.00,34,187,43,0,0,0,0,0,0,0
ACU,Checkpoint2,31 10 2020,../workspace/J2STD/SRC/REMOTE/serialif.c,859,276,15.6,44.1,19,9.7,533,p_serialRecvTask(),12,599,6,1.57,3.68,77,87,37,33,39,1,2,0,0,0
ACU,Checkpoint2,31 10 2020,../workspace/J2STD/SRC/REMOTE/serialif_lcl.h,172,59,0.0,53.5,0,0.0,{undefined},,0,71,1,0.27,0.00,43,16,0,0,0,0,0,0,0,0
ACU,Checkpoint2,31 10 2020,../workspace/J2STD/SRC/REMOTE/serialif_rtp.c,284,99,14.1,46.1,7,7.9,98,m_clockToRTP(),6,275,5,1.10,3.57,27,48,16,4,3,1,0,0,0,0
ACU,Checkpoint2,31 10 2020,../workspace/J2STD/SRC/REMOTE/serialif_rtp_lcl.h,85,8,0.0,71.8,0,0.0,{undefined},,0,0,0,0.00,0.00,8,0,0,0,0,0,0,0,0,0
ACU,Checkpoint2,31 10 2020,../workspace/J2STD/SRC/SNTP/synctimtsk.c,497,141,14.2,51.5,10,10.3,183,syncTim(),11,240,5,1.26,3.20,36,63,23,10,6,3,0,0,0,0
ACU,Checkpoint2,31 10 2020,../workspace/J2STD/SRC/SYSDATA/sysdataref.c,375,143,23.1,48.3,12,10.2,58,m_escape_zero_div(),34,60,2,1.08,3.75,21,89,33,0,0,0,0,0,0,0
ACU,Checkpoint2,31 10 2020,../workspace/J2STD/SRC/SYSDATA/sysdatatbl.c,38,19,0.0,63.2,0,0.0,{undefined},,0,0,0,0.00,0.00,19,0,0,0,0,0,0,0,0,0
ACU,Checkpoint2,31 10 2020,../workspace/J2STD/SRC/VARIABILITY/contruction.c,71,18,22.2,54.9,1,11.0,47,constructAcu(),5,55,3,1.22,5.00,7,4,3,4,0,0,0,0,0,0
ACU,Checkpoint2,31 10 2020,../workspace/J2STD/SRC/VARIABILITY/nullfunc.c,42,2,0.0,78.6,1,0.0,39,nullFuncImpl(),1,0,0,0.00,1.00,2,0,0,0,0,0,0,0,0,0
ACU,Checkpoint2,31 10 2020,../workspace/J2STD/SRC/VARIABILITY/variability.c,61,9,0.0,65.6,2,1.0,45,getVariability(),1,47,1,0.22,1.00,7,2,0,0,0,0,0,0,0,0
ACU,Checkpoint2,31 10 2020,../workspace/J2STD/SRC/VARIABILITY/variability_lcl.h,38,0,0.0,81.6,0,0.0,{undefined},,0,0,0,0.00,0.00,0,0,0,0,0,0,0,0,0,0
ACU,Checkpoint2,31 10 2020,../workspace/J2STD/SRC/VERSION/version.c,49,4,0.0,75.5,1,1.0,44,J2StdVer(),1,46,1,0.25,1.00,3,1,0,0,0,0,0,0,0,0
ACU,Checkpoint2,31 10 2020,../workspace/SXA_SMCFCU/SRC/ALMLOG/almlog_var.c,103,37,5.4,57.3,2,9.5,80,almlog_c_almlogDetect_hook_impl(),3,87,3,0.81,2.00,18,10,7,2,0,0,0,0,0,0
ACU,Checkpoint2,31 10 2020,../workspace/SXA_SMCFCU/SRC/CLOCK/clock_var.c,92,22,0.0,56.5,1,11.0,72,construct_clock_hook_impl(),1,75,1,0.50,1.00,11,11,0,0,0,0,0,0,0,0
ACU,Checkpoint2,31 10 2020,../workspace/SXA_SMCFCU/SRC/EIB7IF/eib7iftask_var.c,1328,583,20.2,30.0,19,24.2,313,s_eibInitialize(),38,391,6,2.05,8.16,121,135,99,103,76,44,5,0,0,0
ACU,Checkpoint2,31 10 2020,../workspace/SXA_SMCFCU/SRC/EIB7IF/eib7iftbl_var.c,156,5,0.0,85.9,0,0.0,{undefined},,0,117,1,0.20,0.00,4,1,0,0,0,0,0,0,0,0
ACU,Checkpoint2,31 10 2020,../workspace/SXA_SMCFCU/SRC/EIB7IF/eib7if_test_pref.c,120,61,18.0,23.3,3,15.0,65,util_pref_set(),7,107,4,1.43,4.67,16,13,23,8,1,0,0,0,0,0
ACU,Checkpoint2,31 10 2020,../workspace/SXA_SMCFCU/SRC/EIB7IF/eib7if_test_pref.h,14,11,0.0,0.0,0,0.0,{undefined},,0,2,1,0.73,0.00,3,8,0,0,0,0,0,0,0,0
ACU,Checkpoint2,31 10 2020,../workspace/SXA_SMCFCU/SRC/OPIF/opiffunc_var.c,432,149,27.5,32.9,19,5.8,196,getModeStr_var(),11,249,4,1.22,3.68,38,58,41,6,6,0,0,0,0,0
ACU,Checkpoint2,31 10 2020,../workspace/SXA_SMCFCU/SRC/OPIF/opifinit_var.c,96,34,0.0,43.8,1,30.0,55,construct_opif_hook_impl(),1,58,1,0.88,1.00,4,30,0,0,0,0,0,0,0,0
ACU,Checkpoint2,31 10 2020,../workspace/SXA_SMCFCU/SRC/OPIF/opiftbl_var.c,1301,74,0.0,12.8,2,0.0,649,CCALMSPACE(),1,491,1,0.05,1.00,70,4,0,0,0,0,0,0,0,0
ACU,Checkpoint2,31 10 2020,../workspace/SXA_SMCFCU/SRC/OPIF/opif_lcl_var.h,125,48,0.0,38.4,0,0.0,{undefined},,0,0,0,0.00,0.00,48,0,0,0,0,0,0,0,0,0
ACU,Checkpoint2,31 10 2020,../workspace/SXA_SMCFCU/SRC/PARALLEL/parallel_var.c,485,89,10.1,66.6,5,7.2,425,make_tx_intlk_from_acu_sig(),10,398,2,0.57,5.00,53,21,15,0,0,0,0,0,0,0
ACU,Checkpoint2,31 10 2020,../workspace/SXA_SMCFCU/SRC/P_CONT/access_var.c,255,57,5.3,58.4,8,2.9,230,s_make_trk_rcvr_opn(),7,207,2,0.51,1.88,34,17,6,0,0,0,0,0,0,0
ACU,Checkpoint2,31 10 2020,../workspace/SXA_SMCFCU/SRC/P_CONT/alarm_var.c,890,288,10.1,22.7,14,10.6,569,alarm_make_alm_hook_impl(),19,862,4,0.76,5.00,131,110,34,11,2,0,0,0,0,0
ACU,Checkpoint2,31 10 2020,../workspace/SXA_SMCFCU/SRC/P_CONT/coastmode_var.c,73,7,0.0,67.1,2,1.0,56,post_coastmode_hook_impl(),1,59,1,0.29,1.00,5,2,0,0,0,0,0,0,0,0
ACU,Checkpoint2,31 10 2020,../workspace/SXA_SMCFCU/SRC/P_CONT/drmode_var.c,339,62,12.9,55.5,4,8.0,274,s_make_drive_mode_cond(),23,232,2,0.73,7.25,30,19,13,0,0,0,0,0,0,0
ACU,Checkpoint2,31 10 2020,../workspace/SXA_SMCFCU/SRC/P_CONT/interlock_var.c,341,71,15.5,58.1,7,5.9,269,s_ax1_interlock_mask(),7,277,3,0.87,2.71,30,23,15,3,0,0,0,0,0,0
ACU,Checkpoint2,31 10 2020,../workspace/SXA_SMCFCU/SRC/P_CONT/interpolation_var.c,98,31,3.2,52.0,1,19.0,68,construct_interpolation_hook_impl(),2,87,2,0.87,2.00,12,11,8,0,0,0,0,0,0,0
ACU,Checkpoint2,31 10 2020,../workspace/SXA_SMCFCU/SRC/P_CONT/srvband_var.c,129,41,7.3,48.1,3,10.7,83,chg_servoband(),7,97,2,1.17,3.00,9,16,16,0,0,0,0,0,0,0
ACU,Checkpoint2,31 10 2020,../workspace/SXA_SMCFCU/SRC/P_CONT/srvparam_var.c,138,32,3.1,57.2,5,3.0,119,limt_wc_sd_fault(),4,129,2,0.66,1.60,17,9,6,0,0,0,0,0,0,0
ACU,Checkpoint2,31 10 2020,../workspace/SXA_SMCFCU/SRC/P_INIT/inittask_var.c,69,14,0.0,66.7,2,3.0,44,wakeup(),1,46,1,0.43,1.00,8,6,0,0,0,0,0,0,0,0
ACU,Checkpoint2,31 10 2020,../workspace/SXA_SMCFCU/SRC/P_INIT/printversion_var.c,73,8,0.0,65.8,2,1.5,56,construct_printversion_hook_impl(),1,59,1,0.38,1.00,5,3,0,0,0,0,0,0,0,0
ACU,Checkpoint2,31 10 2020,../workspace/SXA_SMCFCU/SRC/P_LOOP/analog_var.c,91,14,0.0,56.0,1,2.0,84,construct_analog_hook_impl(),1,87,1,0.14,1.00,12,2,0,0,0,0,0,0,0,0
ACU,Checkpoint2,31 10 2020,../workspace/SXA_SMCFCU/SRC/P_LOOP/coasting_var.c,109,20,15.0,56.9,3,3.0,90,lim_maj_ref(),11,98,3,0.75,4.33,11,5,2,2,0,0,0,0,0,0
ACU,Checkpoint2,31 10 2020,../workspace/SXA_SMCFCU/SRC/P_LOOP/posncmd_var.c,121,26,7.7,52.9,3,3.7,77,make_preset_posn_rdy_hook_impl(),12,91,2,0.58,5.33,15,7,4,0,0,0,0,0,0,0
ACU,Checkpoint2,31 10 2020,../workspace/SXA_SMCFCU/SRC/P_LOOP/posnloop_var.c,74,8,0.0,66.2,2,1.0,57,pre_posnloop_hook_impl(),1,60,1,0.25,1.00,6,2,0,0,0,0,0,0,0,0
ACU,Checkpoint2,31 10 2020,../workspace/SXA_SMCFCU/SRC/P_LOOP/progcmd_var.c,89,24,8.3,55.1,1,14.0,61,construct_progcmd_hook_impl(),3,78,2,0.75,3.00,10,10,4,0,0,0,0,0,0,0
ACU,Checkpoint2,31 10 2020,../workspace/SXA_SMCFCU/SRC/P_LOOP/realangle_var.c,64,8,0.0,65.6,1,3.0,56,construct_realangle_hook_impl(),1,59,1,0.38,1.00,5,3,0,0,0,0,0,0,0,0
ACU,Checkpoint2,31 10 2020,../workspace/SXA_SMCFCU/SRC/P_LOOP/sdin_var.c,66,9,0.0,63.6,1,6.0,54,construct_sdin_hook_impl(),1,57,1,0.67,1.00,3,6,0,0,0,0,0,0,0,0
ACU,Checkpoint2,31 10 2020,../workspace/SXA_SMCFCU/SRC/P_LOOP/slewcmd_var.c,62,6,0.0,67.7,1,2.0,55,construct_slewcmd_hook_impl(),1,58,1,0.33,1.00,4,2,0,0,0,0,0,0,0,0
ACU,Checkpoint2,31 10 2020,../workspace/SXA_SMCFCU/SRC/P_LOOP/stepoffset.c,81,20,15.0,54.3,1,11.0,53,stepoffset_add(),4,60,2,0.75,4.00,9,7,4,0,0,0,0,0,0,0
ACU,Checkpoint2,31 10 2020,../workspace/SXA_SMCFCU/SRC/REMOTE/aouif_lcl_var.h,41,3,0.0,73.2,0,0.0,{undefined},,0,0,0,0.00,0.00,3,0,0,0,0,0,0,0,0,0
ACU,Checkpoint2,31 10 2020,../workspace/SXA_SMCFCU/SRC/REMOTE/aouif_var.c,207,57,7.0,51.7,5,6.2,154,make_rcc_slave_rdy(),3,161,3,0.70,1.80,26,24,5,2,0,0,0,0,0,0
ACU,Checkpoint2,31 10 2020,../workspace/SXA_SMCFCU/SRC/REMOTE/dcpaif.c,315,102,1.0,64.4,4,4.8,303,wakeupDcpaSendTask(),2,309,2,0.20,1.25,83,18,1,0,0,0,0,0,0,0
ACU,Checkpoint2,31 10 2020,../workspace/SXA_SMCFCU/SRC/REMOTE/dcpaif_lcl.h,41,3,0.0,73.2,0,0.0,{undefined},,0,0,0,0.00,0.00,3,0,0,0,0,0,0,0,0,0
ACU,Checkpoint2,31 10 2020,../workspace/SXA_SMCFCU/SRC/REMOTE/remoteif_lcl_var.h,42,3,0.0,71.4,0,0.0,{undefined},,0,0,0,0.00,0.00,3,0,0,0,0,0,0,0,0,0
ACU,Checkpoint2,31 10 2020,../workspace/SXA_SMCFCU/SRC/REMOTE/remoteif_var.c,660,236,8.5,51.5,7,15.0,411,remoteif_pre_edit_hook_impl(),50,556,3,0.76,9.29,110,74,50,2,0,0,0,0,0,0
ACU,Checkpoint2,31 10 2020,../workspace/SXA_SMCFCU/SRC/REMOTE/serialif_lcl_var.h,61,5,0.0,72.1,0,0.0,{undefined},,0,0,0,0.00,0.00,5,0,0,0,0,0,0,0,0,0
ACU,Checkpoint2,31 10 2020,../workspace/SXA_SMCFCU/SRC/REMOTE/serialif_var.c,74,12,0.0,67.6,1,3.0,60,construct_serialif_hook_impl(),1,63,1,0.25,1.00,9,3,0,0,0,0,0,0,0,0
ACU,Checkpoint2,31 10 2020,../workspace/SXA_SMCFCU/SRC/REMOTE/serial_var.c,233,61,23.0,54.5,3,17.7,125,c_binToDouble_sign(),9,140,4,1.33,6.00,8,36,10,3,4,0,0,0,0,0
ACU,Checkpoint2,31 10 2020,../workspace/SXA_SMCFCU/SRC/REMOTE/trkrcvrif.c,732,272,5.5,47.3,16,8.7,528,trkrcvrR_recv_data_sync_hook_impl(),6,551,3,0.79,2.00,133,80,43,16,0,0,0,0,0,0
ACU,Checkpoint2,31 10 2020,../workspace/SXA_SMCFCU/SRC/REMOTE/trkrcvrif_lcl.h,44,4,0.0,70.5,0,0.0,{undefined},,0,0,0,0.00,0.00,4,0,0,0,0,0,0,0,0,0
ACU,Checkpoint2,31 10 2020,../workspace/SXA_SMCFCU/SRC/SYSDATA/sysdatatbl_var.c,653,17,0.0,93.6,1,6.0,640,construct_sysdata_hook_impl(),1,327,1,0.47,1.00,9,8,0,0,0,0,0,0,0,0
ACU,Checkpoint2,31 10 2020,../workspace/SXA_SMCFCU/SRC/VARIABILITY/construction_var.c,42,3,0.0,76.2,0,0.0,{undefined},,0,0,0,0.00,0.00,3,0,0,0,0,0,0,0,0,0
ACU,Checkpoint2,31 10 2020,../workspace/SXA_SMCFCU/SRC/VARIABILITY/variability_var.c,42,3,0.0,76.2,0,0.0,{undefined},,0,0,0,0.00,0.00,3,0,0,0,0,0,0,0,0,0
ACU,Checkpoint2,31 10 2020,../workspace/SXA_SMCFCU/SRC/VERSION/version_var.c,18,1,0.0,83.3,0,0.0,{undefined},,0,0,0,0.00,0.00,1,0,0,0,0,0,0,0,0,0
