File, Line, Severity, Id, Summary
..\workspace\DRIVER\SRC\pci_c3135.c,1941,style,redundantAssignment,Variable 'pMemBlock0->interTimerReg' is reassigned a value before the old one has been used.
..\workspace\DRIVER\SRC\pci_c3135.c,1935,style,redundantAssignment,Variable 'pMemBlock0->timerReg.count0' is reassigned a value before the old one has been used.
..\workspace\DRIVER\SRC\pci_c3135.c,1949,style,redundantAssignment,Variable 'pMemBlock0->timerReg.count1' is reassigned a value before the old one has been used.
..\workspace\DRIVER\SRC\pci_c3135.c,1673,style,variableScope,The scope of the variable 'func' can be reduced.
..\workspace\DRIVER\SRC\pci_c3135.c,1728,style,variableScope,The scope of the variable 'i' can be reduced.
..\workspace\DRIVER\SRC\pci_c3135.c,1729,style,variableScope,The scope of the variable 'func' can be reduced.
..\workspace\DRIVER\SRC\pci_c3135.c,1730,style,variableScope,The scope of the variable 'arg1' can be reduced.
..\workspace\DRIVER\SRC\pci_c3135.c,1731,style,variableScope,The scope of the variable 'arg2' can be reduced.
..\workspace\DRIVER\SRC\pci_c3135.c,289,style,unreadVariable,Variable 'intrEvent' is assigned a value that is never used.
..\workspace\DRIVER\SRC\pci_c3135.c,1048,style,unreadVariable,Variable 'ret' is assigned a value that is never used.
..\workspace\DRIVER\SRC\pci_c3135.c,308,style,unusedFunction,The function 'C3135Close' is never used.
..\workspace\DRIVER\SRC\pci_c3135.c,914,style,unusedFunction,The function 'C3135GetAdcCtrlReg' is never used.
..\workspace\DRIVER\SRC\pci_c3135.c,1400,style,unusedFunction,The function 'C3135GetAdcSelReg' is never used.
..\workspace\DRIVER\SRC\pci_c3135.c,1131,style,unusedFunction,The function 'C3135GetInputRangeChSelReg' is never used.
..\workspace\DRIVER\SRC\pci_c3135.c,1063,style,unusedFunction,The function 'C3135GetInputRangeSetReg' is never used.
..\workspace\DRIVER\SRC\pci_c3135.c,1197,style,unusedFunction,The function 'C3135GetPolarDitgReg' is never used.
..\workspace\DRIVER\SRC\pci_c3135.c,984,style,unusedFunction,The function 'C3135GetSDSetReg' is never used.
..\workspace\DRIVER\SRC\pci_c3135.c,1264,style,unusedFunction,The function 'C3135GetSynchNumSetReg' is never used.
..\workspace\DRIVER\SRC\pci_c3135.c,1333,style,unusedFunction,The function 'C3135GetSynchSetReg' is never used.
..\workspace\DRIVER\SRC\pci_c3135.c,718,style,unusedFunction,The function 'C3135PrintAd' is never used.
..\workspace\DRIVER\SRC\pci_c3135.c,360,style,unusedFunction,The function 'C3135SetIrqConfig' is never used.
..\workspace\DRIVER\SRC\pci_c3135.c,1670,style,unusedFunction,The function 'pci_c3135TimerIntr' is never used.
..\workspace\DRIVER\SRC\pci_ilc.c,1489,warning,invalidPrintfArgType_uint,%x in format string (no. 2) requires 'unsigned int' but the argument type is 'unsigned long'.
..\workspace\DRIVER\SRC\pci_ilc.c,1690,warning,invalidPrintfArgType_uint,%X in format string (no. 1) requires 'unsigned int' but the argument type is 'unsigned long'.
..\workspace\DRIVER\SRC\pci_ilc.c,1691,warning,invalidPrintfArgType_uint,%X in format string (no. 1) requires 'unsigned int' but the argument type is 'unsigned long'.
..\workspace\DRIVER\SRC\pci_ilc.c,1692,warning,invalidPrintfArgType_uint,%X in format string (no. 1) requires 'unsigned int' but the argument type is 'unsigned long'.
..\workspace\DRIVER\SRC\pci_ilc.c,1693,warning,invalidPrintfArgType_uint,%X in format string (no. 1) requires 'unsigned int' but the argument type is 'unsigned long'.
..\workspace\DRIVER\SRC\pci_ilc.c,1714,warning,invalidPrintfArgType_uint,%X in format string (no. 1) requires 'unsigned int' but the argument type is 'unsigned long'.
..\workspace\DRIVER\SRC\pci_ilc.c,1715,warning,invalidPrintfArgType_uint,%X in format string (no. 1) requires 'unsigned int' but the argument type is 'unsigned long'.
..\workspace\DRIVER\SRC\pci_ilc.c,1716,warning,invalidPrintfArgType_uint,%X in format string (no. 1) requires 'unsigned int' but the argument type is 'unsigned long'.
..\workspace\DRIVER\SRC\pci_ilc.c,1469,warning,nullPointerArithmeticRedundantCheck,Either the condition 'memAddr==(unsigned long*)0' is redundant or there is pointer arithmetic with NULL pointer.
..\workspace\DRIVER\SRC\pci_ilc.c,1521,warning,nullPointerArithmeticRedundantCheck,Either the condition 'memAddr==(unsigned long*)0' is redundant or there is pointer arithmetic with NULL pointer.
..\workspace\DRIVER\SRC\pci_ilc.c,1745,style,variableScope,The scope of the variable 'i' can be reduced.
..\workspace\DRIVER\SRC\pci_ilc.c,1746,style,variableScope,The scope of the variable 'func' can be reduced.
..\workspace\DRIVER\SRC\pci_ilc.c,1747,style,variableScope,The scope of the variable 'arg1' can be reduced.
..\workspace\DRIVER\SRC\pci_ilc.c,1748,style,variableScope,The scope of the variable 'arg2' can be reduced.
..\workspace\DRIVER\SRC\pci_ilc.c,2200,style,unusedFunction,The function 'FilcClose' is never used.
..\workspace\DRIVER\SRC\pci_ilc.c,2421,style,unusedFunction,The function 'FilcDispIn' is never used.
..\workspace\DRIVER\SRC\pci_ilc.c,2427,style,unusedFunction,The function 'FilcDispOut' is never used.
..\workspace\DRIVER\SRC\pci_ilc.c,2280,style,unusedFunction,The function 'FilcGetInputData' is never used.
..\workspace\DRIVER\SRC\pci_ilc.c,2397,style,unusedFunction,The function 'FilcGetInputLogic' is never used.
..\workspace\DRIVER\SRC\pci_ilc.c,2403,style,unusedFunction,The function 'FilcGetInputTest' is never used.
..\workspace\DRIVER\SRC\pci_ilc.c,2409,style,unusedFunction,The function 'FilcGetOutputLogic' is never used.
..\workspace\DRIVER\SRC\pci_ilc.c,2415,style,unusedFunction,The function 'FilcGetOutputTest' is never used.
..\workspace\DRIVER\SRC\pci_ilc.c,2319,style,unusedFunction,The function 'FilcGetWdtFault' is never used.
..\workspace\DRIVER\SRC\pci_ilc.c,2293,style,unusedFunction,The function 'FilcOutputMonitor' is never used.
..\workspace\DRIVER\SRC\pci_ilc.c,2385,style,unusedFunction,The function 'FilcRegRead' is never used.
..\workspace\DRIVER\SRC\pci_ilc.c,2391,style,unusedFunction,The function 'FilcRegWrite' is never used.
..\workspace\DRIVER\SRC\pci_ilc.c,2212,style,unusedFunction,The function 'FilcSetInterlock' is never used.
..\workspace\DRIVER\SRC\pci_ilc.c,2307,style,unusedFunction,The function 'FilcSetLED' is never used.
..\workspace\DRIVER\SRC\pci_iso.c,746,warning,invalidPrintfArgType_uint,%x in format string (no. 2) requires 'unsigned int' but the argument type is 'unsigned long'.
..\workspace\DRIVER\SRC\pci_iso.c,726,warning,nullPointerArithmeticRedundantCheck,Either the condition 'memAddr==(unsigned long*)0' is redundant or there is pointer arithmetic with NULL pointer.
..\workspace\DRIVER\SRC\pci_iso.c,778,warning,nullPointerArithmeticRedundantCheck,Either the condition 'memAddr==(unsigned long*)0' is redundant or there is pointer arithmetic with NULL pointer.
..\workspace\DRIVER\SRC\pci_iso.c,338,style,redundantAssignment,Variable 'pMemBlock0->reg' is reassigned a value before the old one has been used.
..\workspace\DRIVER\SRC\pci_iso.c,909,style,variableScope,The scope of the variable 'i' can be reduced.
..\workspace\DRIVER\SRC\pci_iso.c,910,style,variableScope,The scope of the variable 'func' can be reduced.
..\workspace\DRIVER\SRC\pci_iso.c,911,style,variableScope,The scope of the variable 'arg1' can be reduced.
..\workspace\DRIVER\SRC\pci_iso.c,911,style,variableScope,The scope of the variable 'arg2' can be reduced.
..\workspace\DRIVER\SRC\pci_iso.c,1421,style,unusedFunction,The function 'C2726Close' is never used.
..\workspace\DRIVER\SRC\pci_iso.c,1489,style,unusedFunction,The function 'C2726GetInputData' is never used.
..\workspace\DRIVER\SRC\pci_iso.c,1482,style,unusedFunction,The function 'C2726Input' is never used.
..\workspace\DRIVER\SRC\pci_iso.c,1452,style,unusedFunction,The function 'C2726IrqDisable' is never used.
..\workspace\DRIVER\SRC\pci_iso.c,1446,style,unusedFunction,The function 'C2726IrqEnable' is never used.
..\workspace\DRIVER\SRC\pci_iso.c,1496,style,unusedFunction,The function 'C2726Output' is never used.
..\workspace\DRIVER\SRC\pci_iso.c,1507,style,unusedFunction,The function 'C2726RegRead' is never used.
..\workspace\DRIVER\SRC\pci_iso.c,1512,style,unusedFunction,The function 'C2726RegWrite' is never used.
..\workspace\DRIVER\SRC\pci_iso.c,1458,style,unusedFunction,The function 'C2726SetInputLogic' is never used.
..\workspace\DRIVER\SRC\pci_iso.c,1464,style,unusedFunction,The function 'C2726SetInputTest' is never used.
..\workspace\DRIVER\SRC\pci_iso.c,1427,style,unusedFunction,The function 'C2726SetIrqConfig' is never used.
..\workspace\DRIVER\SRC\pci_iso.c,1470,style,unusedFunction,The function 'C2726SetOutputLogic' is never used.
..\workspace\DRIVER\SRC\pci_iso.c,1476,style,unusedFunction,The function 'C2726SetOutputTest' is never used.
..\workspace\DRIVER\SRC\pci_iso.c,1434,style,unusedFunction,The function 'C2726StartTimer' is never used.
..\workspace\DRIVER\SRC\pci_isoc2130.c,646,warning,invalidPrintfArgType_uint,%x in format string (no. 2) requires 'unsigned int' but the argument type is 'unsigned long'.
..\workspace\DRIVER\SRC\pci_isoc2130.c,626,warning,nullPointerArithmeticRedundantCheck,Either the condition 'memAddr==(unsigned long*)0' is redundant or there is pointer arithmetic with NULL pointer.
..\workspace\DRIVER\SRC\pci_isoc2130.c,670,warning,nullPointerArithmeticRedundantCheck,Either the condition 'memAddr==(unsigned long*)0' is redundant or there is pointer arithmetic with NULL pointer.
..\workspace\DRIVER\SRC\pci_isoc2130.c,295,style,redundantAssignment,Variable 'pMemBlock0->reg' is reassigned a value before the old one has been used.
..\workspace\DRIVER\SRC\pci_isoc2130.c,785,style,variableScope,The scope of the variable 'i' can be reduced.
..\workspace\DRIVER\SRC\pci_isoc2130.c,786,style,variableScope,The scope of the variable 'func' can be reduced.
..\workspace\DRIVER\SRC\pci_isoc2130.c,787,style,variableScope,The scope of the variable 'arg1' can be reduced.
..\workspace\DRIVER\SRC\pci_isoc2130.c,787,style,variableScope,The scope of the variable 'arg2' can be reduced.
..\workspace\DRIVER\SRC\pci_isoc2130.c,1251,style,unusedFunction,The function 'C2130Close' is never used.
..\workspace\DRIVER\SRC\pci_isoc2130.c,1326,style,unusedFunction,The function 'C2130GetInputData' is never used.
..\workspace\DRIVER\SRC\pci_isoc2130.c,1312,style,unusedFunction,The function 'C2130Input_lower' is never used.
..\workspace\DRIVER\SRC\pci_isoc2130.c,1319,style,unusedFunction,The function 'C2130Input_upper' is never used.
..\workspace\DRIVER\SRC\pci_isoc2130.c,1282,style,unusedFunction,The function 'C2130IrqDisable' is never used.
..\workspace\DRIVER\SRC\pci_isoc2130.c,1276,style,unusedFunction,The function 'C2130IrqEnable' is never used.
..\workspace\DRIVER\SRC\pci_isoc2130.c,1333,style,unusedFunction,The function 'C2130Output' is never used.
..\workspace\DRIVER\SRC\pci_isoc2130.c,1344,style,unusedFunction,The function 'C2130RegRead' is never used.
..\workspace\DRIVER\SRC\pci_isoc2130.c,1349,style,unusedFunction,The function 'C2130RegWrite' is never used.
..\workspace\DRIVER\SRC\pci_isoc2130.c,1288,style,unusedFunction,The function 'C2130SetInputLogic' is never used.
..\workspace\DRIVER\SRC\pci_isoc2130.c,1294,style,unusedFunction,The function 'C2130SetInputTest' is never used.
..\workspace\DRIVER\SRC\pci_isoc2130.c,1257,style,unusedFunction,The function 'C2130SetIrqConfig' is never used.
..\workspace\DRIVER\SRC\pci_isoc2130.c,1300,style,unusedFunction,The function 'C2130SetOutputLogic' is never used.
..\workspace\DRIVER\SRC\pci_isoc2130.c,1306,style,unusedFunction,The function 'C2130SetOutputTest' is never used.
..\workspace\DRIVER\SRC\pci_isoc2130.c,1264,style,unusedFunction,The function 'C2130StartTimer' is never used.
..\workspace\DRIVER\SRC\pci_isoc2130.c,999,style,unusedFunction,The function 'pci_isoC2130PciOutCorrect' is never used.
..\workspace\DRIVER\SRC\pci_isoc2703.c,487,warning,invalidPrintfArgType_uint,%X in format string (no. 1) requires 'unsigned int' but the argument type is 'unsigned long'.
..\workspace\DRIVER\SRC\pci_isoc2703.c,488,warning,invalidPrintfArgType_uint,%X in format string (no. 1) requires 'unsigned int' but the argument type is 'unsigned long'.
..\workspace\DRIVER\SRC\pci_isoc2703.c,489,warning,invalidPrintfArgType_uint,%X in format string (no. 1) requires 'unsigned int' but the argument type is 'unsigned long'.
..\workspace\DRIVER\SRC\pci_isoc2703.c,490,warning,invalidPrintfArgType_uint,%X in format string (no. 1) requires 'unsigned int' but the argument type is 'unsigned long'.
..\workspace\DRIVER\SRC\pci_isoc2703.c,491,warning,invalidPrintfArgType_uint,%X in format string (no. 1) requires 'unsigned int' but the argument type is 'unsigned long'.
..\workspace\DRIVER\SRC\pci_isoc2703.c,492,warning,invalidPrintfArgType_uint,%X in format string (no. 1) requires 'unsigned int' but the argument type is 'unsigned long'.
..\workspace\DRIVER\SRC\pci_isoc2703.c,493,warning,invalidPrintfArgType_uint,%X in format string (no. 1) requires 'unsigned int' but the argument type is 'unsigned long'.
..\workspace\DRIVER\SRC\pci_isoc2703.c,494,warning,invalidPrintfArgType_uint,%X in format string (no. 1) requires 'unsigned int' but the argument type is 'unsigned long'.
..\workspace\DRIVER\SRC\pci_isoc2703.c,515,warning,invalidPrintfArgType_uint,%X in format string (no. 1) requires 'unsigned int' but the argument type is 'unsigned long'.
..\workspace\DRIVER\SRC\pci_isoc2703.c,516,warning,invalidPrintfArgType_uint,%X in format string (no. 1) requires 'unsigned int' but the argument type is 'unsigned long'.
..\workspace\DRIVER\SRC\pci_isoc2703.c,517,warning,invalidPrintfArgType_uint,%X in format string (no. 1) requires 'unsigned int' but the argument type is 'unsigned long'.
..\workspace\DRIVER\SRC\pci_isoc2703.c,518,warning,invalidPrintfArgType_uint,%X in format string (no. 1) requires 'unsigned int' but the argument type is 'unsigned long'.
..\workspace\DRIVER\SRC\pci_isoc2703.c,519,warning,invalidPrintfArgType_uint,%X in format string (no. 1) requires 'unsigned int' but the argument type is 'unsigned long'.
..\workspace\DRIVER\SRC\pci_isoc2703.c,520,warning,invalidPrintfArgType_uint,%X in format string (no. 1) requires 'unsigned int' but the argument type is 'unsigned long'.
..\workspace\DRIVER\SRC\pci_isoc2703.c,542,warning,invalidPrintfArgType_sint,%d in format string (no. 1) requires 'int' but the argument type is 'unsigned long'.
..\workspace\DRIVER\SRC\pci_isoc2703.c,1678,warning,invalidPrintfArgType_uint,%x in format string (no. 2) requires 'unsigned int' but the argument type is 'unsigned long'.
..\workspace\DRIVER\SRC\pci_isoc2703.c,1658,warning,nullPointerArithmeticRedundantCheck,Either the condition 'memAddr==(unsigned long*)0' is redundant or there is pointer arithmetic with NULL pointer.
..\workspace\DRIVER\SRC\pci_isoc2703.c,1702,warning,nullPointerArithmeticRedundantCheck,Either the condition 'memAddr==(unsigned long*)0' is redundant or there is pointer arithmetic with NULL pointer.
..\workspace\DRIVER\SRC\pci_isoc2703.c,1556,style,redundantAssignment,Variable 'pMemBlock0->reg' is reassigned a value before the old one has been used.
..\workspace\DRIVER\SRC\pci_isoc2703.c,535,style,variableScope,The scope of the variable 'data' can be reduced.
..\workspace\DRIVER\SRC\pci_isoc2703.c,1741,style,variableScope,The scope of the variable 'i' can be reduced.
..\workspace\DRIVER\SRC\pci_isoc2703.c,1742,style,variableScope,The scope of the variable 'func' can be reduced.
..\workspace\DRIVER\SRC\pci_isoc2703.c,1743,style,variableScope,The scope of the variable 'arg1' can be reduced.
..\workspace\DRIVER\SRC\pci_isoc2703.c,1743,style,variableScope,The scope of the variable 'arg2' can be reduced.
..\workspace\DRIVER\SRC\pci_isoc2703.c,535,style,unreadVariable,Variable 'data' is assigned a value that is never used.
..\workspace\DRIVER\SRC\pci_isoc2703.c,1832,style,unusedFunction,The function 'C2703Close' is never used.
..\workspace\DRIVER\SRC\pci_isoc2703.c,477,style,unusedFunction,The function 'C2703DispIn' is never used.
..\workspace\DRIVER\SRC\pci_isoc2703.c,505,style,unusedFunction,The function 'C2703DispOut' is never used.
..\workspace\DRIVER\SRC\pci_isoc2703.c,279,style,unusedFunction,The function 'C2703GetInputData' is never used.
..\workspace\DRIVER\SRC\pci_isoc2703.c,393,style,unusedFunction,The function 'C2703GetInputLogic' is never used.
..\workspace\DRIVER\SRC\pci_isoc2703.c,423,style,unusedFunction,The function 'C2703GetInputTest' is never used.
..\workspace\DRIVER\SRC\pci_isoc2703.c,451,style,unusedFunction,The function 'C2703GetOutputLogic' is never used.
..\workspace\DRIVER\SRC\pci_isoc2703.c,1233,style,unusedFunction,The function 'C2703GetOutputTest' is never used.
..\workspace\DRIVER\SRC\pci_isoc2703.c,1863,style,unusedFunction,The function 'C2703IrqDisable' is never used.
..\workspace\DRIVER\SRC\pci_isoc2703.c,1857,style,unusedFunction,The function 'C2703IrqEnable' is never used.
..\workspace\DRIVER\SRC\pci_isoc2703.c,311,style,unusedFunction,The function 'C2703Output_lower' is never used.
..\workspace\DRIVER\SRC\pci_isoc2703.c,354,style,unusedFunction,The function 'C2703Output_upper' is never used.
..\workspace\DRIVER\SRC\pci_isoc2703.c,1875,style,unusedFunction,The function 'C2703RegRead' is never used.
..\workspace\DRIVER\SRC\pci_isoc2703.c,1881,style,unusedFunction,The function 'C2703RegWrite' is never used.
..\workspace\DRIVER\SRC\pci_isoc2703.c,58,style,unusedFunction,The function 'C2703SetInputLogic' is never used.
..\workspace\DRIVER\SRC\pci_isoc2703.c,95,style,unusedFunction,The function 'C2703SetInputTest' is never used.
..\workspace\DRIVER\SRC\pci_isoc2703.c,1838,style,unusedFunction,The function 'C2703SetIrqConfig' is never used.
..\workspace\DRIVER\SRC\pci_isoc2703.c,1845,style,unusedFunction,The function 'C2703StartTimer' is never used.
..\workspace\DRIVER\SRC\pci_isoc2703.c,547,style,unusedFunction,The function 'readback2703' is never used.
..\workspace\DRIVER\SRC\pci_isoc2994.c,487,warning,invalidPrintfArgType_uint,%X in format string (no. 1) requires 'unsigned int' but the argument type is 'unsigned long'.
..\workspace\DRIVER\SRC\pci_isoc2994.c,488,warning,invalidPrintfArgType_uint,%X in format string (no. 1) requires 'unsigned int' but the argument type is 'unsigned long'.
..\workspace\DRIVER\SRC\pci_isoc2994.c,489,warning,invalidPrintfArgType_uint,%X in format string (no. 1) requires 'unsigned int' but the argument type is 'unsigned long'.
..\workspace\DRIVER\SRC\pci_isoc2994.c,490,warning,invalidPrintfArgType_uint,%X in format string (no. 1) requires 'unsigned int' but the argument type is 'unsigned long'.
..\workspace\DRIVER\SRC\pci_isoc2994.c,491,warning,invalidPrintfArgType_uint,%X in format string (no. 1) requires 'unsigned int' but the argument type is 'unsigned long'.
..\workspace\DRIVER\SRC\pci_isoc2994.c,492,warning,invalidPrintfArgType_uint,%X in format string (no. 1) requires 'unsigned int' but the argument type is 'unsigned long'.
..\workspace\DRIVER\SRC\pci_isoc2994.c,493,warning,invalidPrintfArgType_uint,%X in format string (no. 1) requires 'unsigned int' but the argument type is 'unsigned long'.
..\workspace\DRIVER\SRC\pci_isoc2994.c,494,warning,invalidPrintfArgType_uint,%X in format string (no. 1) requires 'unsigned int' but the argument type is 'unsigned long'.
..\workspace\DRIVER\SRC\pci_isoc2994.c,515,warning,invalidPrintfArgType_uint,%X in format string (no. 1) requires 'unsigned int' but the argument type is 'unsigned long'.
..\workspace\DRIVER\SRC\pci_isoc2994.c,516,warning,invalidPrintfArgType_uint,%X in format string (no. 1) requires 'unsigned int' but the argument type is 'unsigned long'.
..\workspace\DRIVER\SRC\pci_isoc2994.c,517,warning,invalidPrintfArgType_uint,%X in format string (no. 1) requires 'unsigned int' but the argument type is 'unsigned long'.
..\workspace\DRIVER\SRC\pci_isoc2994.c,518,warning,invalidPrintfArgType_uint,%X in format string (no. 1) requires 'unsigned int' but the argument type is 'unsigned long'.
..\workspace\DRIVER\SRC\pci_isoc2994.c,519,warning,invalidPrintfArgType_uint,%X in format string (no. 1) requires 'unsigned int' but the argument type is 'unsigned long'.
..\workspace\DRIVER\SRC\pci_isoc2994.c,520,warning,invalidPrintfArgType_uint,%X in format string (no. 1) requires 'unsigned int' but the argument type is 'unsigned long'.
..\workspace\DRIVER\SRC\pci_isoc2994.c,542,warning,invalidPrintfArgType_sint,%d in format string (no. 1) requires 'int' but the argument type is 'unsigned long'.
..\workspace\DRIVER\SRC\pci_isoc2994.c,1678,warning,invalidPrintfArgType_uint,%x in format string (no. 2) requires 'unsigned int' but the argument type is 'unsigned long'.
..\workspace\DRIVER\SRC\pci_isoc2994.c,1658,warning,nullPointerArithmeticRedundantCheck,Either the condition 'memAddr==(unsigned long*)0' is redundant or there is pointer arithmetic with NULL pointer.
..\workspace\DRIVER\SRC\pci_isoc2994.c,1702,warning,nullPointerArithmeticRedundantCheck,Either the condition 'memAddr==(unsigned long*)0' is redundant or there is pointer arithmetic with NULL pointer.
..\workspace\DRIVER\SRC\pci_isoc2994.c,1556,style,redundantAssignment,Variable 'pMemBlock0->reg' is reassigned a value before the old one has been used.
..\workspace\DRIVER\SRC\pci_isoc2994.c,535,style,variableScope,The scope of the variable 'data' can be reduced.
..\workspace\DRIVER\SRC\pci_isoc2994.c,1741,style,variableScope,The scope of the variable 'i' can be reduced.
..\workspace\DRIVER\SRC\pci_isoc2994.c,1742,style,variableScope,The scope of the variable 'func' can be reduced.
..\workspace\DRIVER\SRC\pci_isoc2994.c,1743,style,variableScope,The scope of the variable 'arg1' can be reduced.
..\workspace\DRIVER\SRC\pci_isoc2994.c,1743,style,variableScope,The scope of the variable 'arg2' can be reduced.
..\workspace\DRIVER\SRC\pci_isoc2994.c,535,style,unreadVariable,Variable 'data' is assigned a value that is never used.
..\workspace\DRIVER\SRC\pci_isoc2994.c,551,style,unreadVariable,Variable 'data' is assigned a value that is never used.
..\workspace\DRIVER\SRC\pci_isoc2994.c,552,style,unusedVariable,Unused variable: maskbit
..\workspace\DRIVER\SRC\pci_isoc2994.c,1832,style,unusedFunction,The function 'C2994Close' is never used.
..\workspace\DRIVER\SRC\pci_isoc2994.c,477,style,unusedFunction,The function 'C2994DispIn' is never used.
..\workspace\DRIVER\SRC\pci_isoc2994.c,505,style,unusedFunction,The function 'C2994DispOut' is never used.
..\workspace\DRIVER\SRC\pci_isoc2994.c,279,style,unusedFunction,The function 'C2994GetInputData' is never used.
..\workspace\DRIVER\SRC\pci_isoc2994.c,393,style,unusedFunction,The function 'C2994GetInputLogic' is never used.
..\workspace\DRIVER\SRC\pci_isoc2994.c,423,style,unusedFunction,The function 'C2994GetInputTest' is never used.
..\workspace\DRIVER\SRC\pci_isoc2994.c,451,style,unusedFunction,The function 'C2994GetOutputLogic' is never used.
..\workspace\DRIVER\SRC\pci_isoc2994.c,1233,style,unusedFunction,The function 'C2994GetOutputTest' is never used.
..\workspace\DRIVER\SRC\pci_isoc2994.c,1863,style,unusedFunction,The function 'C2994IrqDisable' is never used.
..\workspace\DRIVER\SRC\pci_isoc2994.c,1857,style,unusedFunction,The function 'C2994IrqEnable' is never used.
..\workspace\DRIVER\SRC\pci_isoc2994.c,311,style,unusedFunction,The function 'C2994Output_lower' is never used.
..\workspace\DRIVER\SRC\pci_isoc2994.c,1875,style,unusedFunction,The function 'C2994RegRead' is never used.
..\workspace\DRIVER\SRC\pci_isoc2994.c,1881,style,unusedFunction,The function 'C2994RegWrite' is never used.
..\workspace\DRIVER\SRC\pci_isoc2994.c,1838,style,unusedFunction,The function 'C2994SetIrqConfig' is never used.
..\workspace\DRIVER\SRC\pci_isoc2994.c,1845,style,unusedFunction,The function 'C2994StartTimer' is never used.
..\workspace\DRIVER\SRC\pci_isoc2994.c,547,style,unusedFunction,The function 'readback2994' is never used.
..\workspace\DRIVER\SRC\pci_pls.c,890,warning,invalidPrintfArgType_uint,%x in format string (no. 2) requires 'unsigned int' but the argument type is 'unsigned long'.
..\workspace\DRIVER\SRC\pci_pls.c,870,warning,nullPointerArithmeticRedundantCheck,Either the condition 'memAddr==(unsigned long*)0' is redundant or there is pointer arithmetic with NULL pointer.
..\workspace\DRIVER\SRC\pci_pls.c,922,warning,nullPointerArithmeticRedundantCheck,Either the condition 'memAddr==(unsigned long*)0' is redundant or there is pointer arithmetic with NULL pointer.
..\workspace\DRIVER\SRC\pci_pls.c,400,style,variableScope,The scope of the variable 'absFreq' can be reduced.
..\workspace\DRIVER\SRC\pci_pls.c,1121,style,unusedFunction,The function 'FplsClose' is never used.
..\workspace\DRIVER\SRC\pci_pls.c,1167,style,unusedFunction,The function 'FplsGetSeu' is never used.
..\workspace\DRIVER\SRC\pci_pls.c,1162,style,unusedFunction,The function 'FplsGetWdtFault' is never used.
..\workspace\DRIVER\SRC\pci_pls.c,1172,style,unusedFunction,The function 'FplsHeartBeat' is never used.
..\workspace\DRIVER\SRC\pci_pls.c,1188,style,unusedFunction,The function 'FplsRegRead' is never used.
..\workspace\DRIVER\SRC\pci_pls.c,1193,style,unusedFunction,The function 'FplsRegWrite' is never used.
..\workspace\DRIVER\SRC\pci_pls.c,1146,style,unusedFunction,The function 'FplsSetDriveDirction' is never used.
..\workspace\DRIVER\SRC\pci_ras.c,1233,style,clarifyCondition,Suspicious condition (bitwise operator + comparison); Clarify expression with parentheses.
..\workspace\DRIVER\SRC\pci_ras.c,1233,style,clarifyCondition,Boolean result is used in bitwise operation. Clarify expression with parentheses.
..\workspace\DRIVER\SRC\pci_ras.c,1233,style,knownConditionTrueFalse,Condition 'baseAddr&0x00000001UL==0' is always false
..\workspace\DRIVER\SRC\pci_ras.c,1805,warning,invalidPrintfArgType_uint,%x in format string (no. 2) requires 'unsigned int' but the argument type is 'unsigned long'.
..\workspace\DRIVER\SRC\pci_ras.c,1785,warning,nullPointerArithmeticRedundantCheck,Either the condition 'memAddr==(unsigned long*)0' is redundant or there is pointer arithmetic with NULL pointer.
..\workspace\DRIVER\SRC\pci_ras.c,1837,warning,nullPointerArithmeticRedundantCheck,Either the condition 'memAddr==(unsigned long*)0' is redundant or there is pointer arithmetic with NULL pointer.
..\workspace\DRIVER\SRC\pci_ras.c,2514,style,redundantAssignment,Variable 'ret' is reassigned a value before the old one has been used.
..\workspace\DRIVER\SRC\pci_ras.c,737,style,unusedVariable,Unused variable: dacReg
..\workspace\DRIVER\SRC\pci_ras.c,945,style,unusedVariable,Unused variable: status
..\workspace\DRIVER\SRC\pci_ras.c,1885,style,unusedVariable,Unused variable: nClk
..\workspace\DRIVER\SRC\pci_ras.c,2514,style,unreadVariable,Variable 'ret' is assigned a value that is never used.
..\workspace\DRIVER\SRC\pci_ras.c,2277,style,unusedFunction,The function 'FrasClose' is never used.
..\workspace\DRIVER\SRC\pci_ras.c,2365,style,unusedFunction,The function 'FrasGetClockStatus' is never used.
..\workspace\DRIVER\SRC\pci_ras.c,2403,style,unusedFunction,The function 'FrasGetRTC' is never used.
..\workspace\DRIVER\SRC\pci_ras.c,2422,style,unusedFunction,The function 'FrasGetWdtFault' is never used.
..\workspace\DRIVER\SRC\pci_ras.c,1747,style,unusedFunction,The function 'FrasPrintAd' is never used.
..\workspace\DRIVER\SRC\pci_ras.c,2391,style,unusedFunction,The function 'FrasReadData' is never used.
..\workspace\DRIVER\SRC\pci_ras.c,2470,style,unusedFunction,The function 'FrasRegRead' is never used.
..\workspace\DRIVER\SRC\pci_ras.c,2475,style,unusedFunction,The function 'FrasRegWrite' is never used.
..\workspace\DRIVER\SRC\pci_ras.c,2379,style,unusedFunction,The function 'FrasSetLED' is never used.
..\workspace\DRIVER\SRC\pci_ras.c,2397,style,unusedFunction,The function 'FrasSetRTC' is never used.
..\workspace\DRIVER\SRC\pci_ras.c,2385,style,unusedFunction,The function 'FrasWriteData' is never used.
..\workspace\DRIVER\SRC\pci_sdc.c,1430,warning,invalidPrintfArgType_uint,%x in format string (no. 1) requires 'unsigned int' but the argument type is 'unsigned long'.
..\workspace\DRIVER\SRC\pci_sdc.c,1430,warning,invalidPrintfArgType_uint,%x in format string (no. 2) requires 'unsigned int' but the argument type is 'unsigned long'.
..\workspace\DRIVER\SRC\pci_sdc.c,1430,warning,invalidPrintfArgType_uint,%x in format string (no. 3) requires 'unsigned int' but the argument type is 'unsigned long'.
..\workspace\DRIVER\SRC\pci_sdc.c,1434,warning,invalidPrintfArgType_uint,%x in format string (no. 1) requires 'unsigned int' but the argument type is 'unsigned long'.
..\workspace\DRIVER\SRC\pci_sdc.c,1434,warning,invalidPrintfArgType_uint,%x in format string (no. 2) requires 'unsigned int' but the argument type is 'unsigned long'.
..\workspace\DRIVER\SRC\pci_sdc.c,1434,warning,invalidPrintfArgType_uint,%x in format string (no. 3) requires 'unsigned int' but the argument type is 'unsigned long'.
..\workspace\DRIVER\SRC\pci_sdc.c,1438,warning,invalidPrintfArgType_uint,%x in format string (no. 1) requires 'unsigned int' but the argument type is 'unsigned long'.
..\workspace\DRIVER\SRC\pci_sdc.c,1438,warning,invalidPrintfArgType_uint,%x in format string (no. 2) requires 'unsigned int' but the argument type is 'unsigned long'.
..\workspace\DRIVER\SRC\pci_sdc.c,1438,warning,invalidPrintfArgType_uint,%x in format string (no. 3) requires 'unsigned int' but the argument type is 'unsigned long'.
..\workspace\DRIVER\SRC\pci_sdc.c,1487,warning,invalidPrintfArgType_uint,%x in format string (no. 2) requires 'unsigned int' but the argument type is 'unsigned long'.
..\workspace\DRIVER\SRC\pci_sdc.c,1467,warning,nullPointerArithmeticRedundantCheck,Either the condition 'memAddr==(unsigned long*)0' is redundant or there is pointer arithmetic with NULL pointer.
..\workspace\DRIVER\SRC\pci_sdc.c,1519,warning,nullPointerArithmeticRedundantCheck,Either the condition 'memAddr==(unsigned long*)0' is redundant or there is pointer arithmetic with NULL pointer.
..\workspace\DRIVER\SRC\pci_sdc.c,156,style,redundantAssignment,Variable 'ret' is reassigned a value before the old one has been used.
..\workspace\DRIVER\SRC\pci_sdc.c,1858,style,unusedFunction,The function 'FsdcClose' is never used.
..\workspace\DRIVER\SRC\pci_sdc.c,1408,style,unusedFunction,The function 'FsdcPrintSd' is never used.
..\workspace\DRIVER\SRC\pci_sdc.c,1959,style,unusedFunction,The function 'FsdcRegRead' is never used.
..\workspace\DRIVER\SRC\pci_sdc.c,1964,style,unusedFunction,The function 'FsdcRegWrite' is never used.
..\workspace\DRIVER\SRC\pci_sdc.c,1876,style,unusedFunction,The function 'FsdcSetSoloConfig' is never used.
..\workspace\DRIVER\SRC\pci_sio.c,1267,warning,invalidPrintfArgType_uint,%x in format string (no. 2) requires 'unsigned int' but the argument type is 'unsigned long'.
..\workspace\DRIVER\SRC\pci_sio.c,1247,warning,nullPointerArithmeticRedundantCheck,Either the condition 'memAddr==(unsigned long*)0' is redundant or there is pointer arithmetic with NULL pointer.
..\workspace\DRIVER\SRC\pci_sio.c,1299,warning,nullPointerArithmeticRedundantCheck,Either the condition 'memAddr==(unsigned long*)0' is redundant or there is pointer arithmetic with NULL pointer.
..\workspace\DRIVER\SRC\pci_sio.c,340,style,unusedFunction,The function 'FsioClose' is never used.
..\workspace\DRIVER\SRC\pci_sio.c,1239,style,unusedFunction,The function 'FsioRegRead' is never used.
..\workspace\DRIVER\SRC\pci_sio.c,1290,style,unusedFunction,The function 'FsioRegWrite' is never used.
..\workspace\DRIVER\SRC\pci_sio_data.c,256,style,variableScope,The scope of the variable 'crcBit' can be reduced.
..\workspace\DRIVER\SRC\pci_sio_debug.c,186,warning,invalidPrintfArgType_uint,%x in format string (no. 1) requires 'unsigned int' but the argument type is 'char *'.
..\workspace\DRIVER\SRC\pci_sio_debug.c,193,warning,invalidPrintfArgType_uint,%x in format string (no. 1) requires 'unsigned int' but the argument type is 'char *'.
..\workspace\DRIVER\SRC\pci_sio_debug.c,199,warning,invalidPrintfArgType_sint,%d in format string (no. 1) requires 'int' but the argument type is 'unsigned long'.
..\workspace\DRIVER\SRC\pci_sio_debug.c,201,warning,invalidPrintfArgType_sint,%d in format string (no. 1) requires 'int' but the argument type is 'unsigned long'.
..\workspace\DRIVER\SRC\pci_sio_debug.c,206,warning,invalidPrintfArgType_sint,%d in format string (no. 1) requires 'int' but the argument type is 'unsigned long'.
..\workspace\DRIVER\SRC\pci_sio_debug.c,213,warning,invalidPrintfArgType_sint,%d in format string (no. 1) requires 'int' but the argument type is 'unsigned long'.
..\workspace\DRIVER\SRC\pci_sio_debug.c,214,warning,invalidPrintfArgType_sint,%d in format string (no. 1) requires 'int' but the argument type is 'unsigned long'.
..\workspace\DRIVER\SRC\pci_sio_debug.c,215,warning,invalidPrintfArgType_sint,%d in format string (no. 1) requires 'int' but the argument type is 'unsigned long'.
..\workspace\DRIVER\SRC\pci_sio_debug.c,216,warning,invalidPrintfArgType_sint,%d in format string (no. 1) requires 'int' but the argument type is 'unsigned long'.
..\workspace\DRIVER\SRC\pci_sio_debug.c,217,warning,invalidPrintfArgType_sint,%d in format string (no. 1) requires 'int' but the argument type is 'unsigned long'.
..\workspace\DRIVER\SRC\pci_sio_debug.c,218,warning,invalidPrintfArgType_sint,%d in format string (no. 1) requires 'int' but the argument type is 'unsigned long'.
..\workspace\DRIVER\SRC\pci_sio_debug.c,219,warning,invalidPrintfArgType_sint,%d in format string (no. 1) requires 'int' but the argument type is 'unsigned long'.
..\workspace\DRIVER\SRC\pci_sio_debug.c,220,warning,invalidPrintfArgType_sint,%d in format string (no. 1) requires 'int' but the argument type is 'unsigned long'.
..\workspace\DRIVER\SRC\pci_sio_debug.c,221,warning,invalidPrintfArgType_sint,%d in format string (no. 1) requires 'int' but the argument type is 'unsigned long'.
..\workspace\DRIVER\SRC\pci_sio_debug.c,222,warning,invalidPrintfArgType_sint,%d in format string (no. 1) requires 'int' but the argument type is 'unsigned long'.
..\workspace\DRIVER\SRC\pci_sio_debug.c,223,warning,invalidPrintfArgType_sint,%d in format string (no. 1) requires 'int' but the argument type is 'unsigned long'.
..\workspace\DRIVER\SRC\pci_sio_debug.c,224,warning,invalidPrintfArgType_sint,%d in format string (no. 1) requires 'int' but the argument type is 'unsigned long'.
..\workspace\DRIVER\SRC\pci_sio_debug.c,225,warning,invalidPrintfArgType_sint,%d in format string (no. 1) requires 'int' but the argument type is 'unsigned long'.
..\workspace\DRIVER\SRC\pci_sio_debug.c,226,warning,invalidPrintfArgType_sint,%d in format string (no. 1) requires 'int' but the argument type is 'unsigned long'.
..\workspace\DRIVER\SRC\pci_sio_debug.c,228,warning,invalidPrintfArgType_sint,%d in format string (no. 1) requires 'int' but the argument type is 'unsigned long'.
..\workspace\DRIVER\SRC\pci_sio_debug.c,229,warning,invalidPrintfArgType_sint,%d in format string (no. 1) requires 'int' but the argument type is 'unsigned long'.
..\workspace\DRIVER\SRC\pci_sio_debug.c,230,warning,invalidPrintfArgType_sint,%d in format string (no. 1) requires 'int' but the argument type is 'unsigned long'.
..\workspace\DRIVER\SRC\pci_sio_debug.c,231,warning,invalidPrintfArgType_sint,%d in format string (no. 1) requires 'int' but the argument type is 'unsigned long'.
..\workspace\DRIVER\SRC\pci_sio_debug.c,232,warning,invalidPrintfArgType_sint,%d in format string (no. 1) requires 'int' but the argument type is 'unsigned long'.
..\workspace\DRIVER\SRC\pci_sio_debug.c,233,warning,invalidPrintfArgType_sint,%d in format string (no. 1) requires 'int' but the argument type is 'unsigned long'.
..\workspace\DRIVER\SRC\pci_sio_debug.c,234,warning,invalidPrintfArgType_sint,%d in format string (no. 1) requires 'int' but the argument type is 'unsigned long'.
..\workspace\DRIVER\SRC\pci_sio_debug.c,235,warning,invalidPrintfArgType_sint,%d in format string (no. 1) requires 'int' but the argument type is 'unsigned long'.
..\workspace\DRIVER\SRC\pci_sio_debug.c,236,warning,invalidPrintfArgType_sint,%d in format string (no. 1) requires 'int' but the argument type is 'unsigned long'.
..\workspace\DRIVER\SRC\pci_sio_debug.c,237,warning,invalidPrintfArgType_sint,%d in format string (no. 1) requires 'int' but the argument type is 'unsigned long'.
..\workspace\DRIVER\SRC\pci_sio_debug.c,238,warning,invalidPrintfArgType_sint,%d in format string (no. 1) requires 'int' but the argument type is 'unsigned long'.
..\workspace\DRIVER\SRC\pci_sio_debug.c,239,warning,invalidPrintfArgType_sint,%d in format string (no. 1) requires 'int' but the argument type is 'unsigned long'.
..\workspace\DRIVER\SRC\pci_sio_debug.c,259,warning,invalidPrintfArgType_uint,%x in format string (no. 1) requires 'unsigned int' but the argument type is 'char *'.
..\workspace\DRIVER\SRC\pci_sio_debug.c,51,style,unusedVariable,Unused variable: pSioCard
..\workspace\DRIVER\SRC\pci_sio_debug.c,169,style,unreadVariable,Variable 'pSioCard' is assigned a value that is never used.
..\workspace\DRIVER\SRC\pci_sio_debug.c,192,style,unreadVariable,Variable 'pMemBlock1' is assigned a value that is never used.
..\workspace\DRIVER\SRC\pci_sio_debug.c,141,style,unusedVariable,Unused variable: pMemBlock0
..\workspace\DRIVER\SRC\pci_sio_debug.c,142,style,unusedVariable,Unused variable: memBlockSize0
..\workspace\DRIVER\SRC\pci_sio_debug.c,146,style,unusedVariable,Unused variable: errCountHdlc
..\workspace\DRIVER\SRC\pci_sio_debug.c,147,style,unusedVariable,Unused variable: errCountUart
..\workspace\DRIVER\SRC\pci_sio_debug.c,283,style,unusedVariable,Unused variable: buf
..\workspace\DRIVER\SRC\pci_sio_debug.c,138,style,unusedFunction,The function 'FsioDumpDebugReg' is never used.
..\workspace\DRIVER\SRC\pci_sio_debug.c,310,style,unusedFunction,The function 'FsioGetFifoFault' is never used.
..\workspace\DRIVER\SRC\pci_sio_debug.c,374,style,unusedFunction,The function 'FsioSetRcvWhenError' is never used.
..\workspace\DRIVER\SRC\pci_sio_debug.c,340,style,unusedFunction,The function 'FsioUnitTest' is never used.
..\workspace\DRIVER\SRC\pci_sva.c,1317,warning,invalidPrintfArgType_uint,%x in format string (no. 2) requires 'unsigned int' but the argument type is 'unsigned long'.
..\workspace\DRIVER\SRC\pci_sva.c,1297,warning,nullPointerArithmeticRedundantCheck,Either the condition 'memAddr==(unsigned long*)0' is redundant or there is pointer arithmetic with NULL pointer.
..\workspace\DRIVER\SRC\pci_sva.c,1349,warning,nullPointerArithmeticRedundantCheck,Either the condition 'memAddr==(unsigned long*)0' is redundant or there is pointer arithmetic with NULL pointer.
..\workspace\DRIVER\SRC\pci_sva.c,863,style,unusedVariable,Unused variable: pSource
..\workspace\DRIVER\SRC\pci_sva.c,1652,style,unusedFunction,The function 'FsvaClose' is never used.
..\workspace\DRIVER\SRC\pci_sva.c,1725,style,unusedFunction,The function 'FsvaGetDspWdt' is never used.
..\workspace\DRIVER\SRC\pci_sva.c,1768,style,unusedFunction,The function 'FsvaRegRead' is never used.
..\workspace\DRIVER\SRC\pci_sva.c,1773,style,unusedFunction,The function 'FsvaRegWrite' is never used.
..\workspace\J2STD\SRC\ALMLOG\almlogtsk.c,369,style,redundantAssignment,Variable 'iRet' is reassigned a value before the old one has been used.
..\workspace\J2STD\SRC\ALMLOG\almlogtsk.c,430,style,redundantAssignment,Variable 'ret' is reassigned a value before the old one has been used.
..\workspace\J2STD\SRC\ALMLOG\almlogtsk.c,440,style,redundantAssignment,Variable 'ret' is reassigned a value before the old one has been used.
..\workspace\J2STD\SRC\ALMLOG\almlogtsk.c,125,style,variableScope,The scope of the variable 'return_code' can be reduced.
..\workspace\J2STD\SRC\ALMLOG\almlogtsk.c,440,style,unreadVariable,Variable 'ret' is assigned a value that is never used.
..\workspace\J2STD\SRC\CLOCK\clk_intrpt.c,273,style,redundantAssignment,Variable 'ret' is reassigned a value before the old one has been used.
..\workspace\J2STD\SRC\CLOCK\clk_intrpt.c,89,style,unreadVariable,Variable 'ret' is assigned a value that is never used.
..\workspace\J2STD\SRC\CLOCK\clk_intrpt.c,129,style,unreadVariable,Variable 'ret' is assigned a value that is never used.
..\workspace\J2STD\SRC\CLOCK\clk_intrpt.c,172,style,unreadVariable,Variable 'ret' is assigned a value that is never used.
..\workspace\J2STD\SRC\CLOCK\clk_intrpt.c,176,style,unreadVariable,Variable 'ret' is assigned a value that is never used.
..\workspace\J2STD\SRC\CLOCK\clk_intrpt.c,215,style,unreadVariable,Variable 'timer_create_ret' is assigned a value that is never used.
..\workspace\J2STD\SRC\CLOCK\clk_intrpt.c,223,style,unreadVariable,Variable 'sigvec_ret' is assigned a value that is never used.
..\workspace\J2STD\SRC\CLOCK\clk_intrpt.c,273,style,unreadVariable,Variable 'ret' is assigned a value that is never used.
..\workspace\J2STD\SRC\CLOCK\clock_init.c,276,style,redundantAssignment,Variable 'ret' is reassigned a value before the old one has been used.
..\workspace\J2STD\SRC\CLOCK\clock_init.c,260,style,unreadVariable,Variable 'sysclk_rateset_ret' is assigned a value that is never used.
..\workspace\J2STD\SRC\CLOCK\clock_init.c,276,style,unreadVariable,Variable 'ret' is assigned a value that is never used.
..\workspace\J2STD\SRC\CLOCK\clock_init.c,246,style,unusedVariable,Unused variable: clock_set_ret
..\workspace\J2STD\SRC\CLOCK\mtvtask.c,117,style,variableScope,The scope of the variable 'return_code' can be reduced.
..\workspace\J2STD\SRC\COMFUNC\acucom.c,38,style,variableScope,The scope of the variable 'buf' can be reduced.
..\workspace\J2STD\SRC\COMFUNC\acucom.c,735,style,variableScope,The scope of the variable 'ul_data' can be reduced.
..\workspace\J2STD\SRC\COMFUNC\acucom.c,737,style,variableScope,The scope of the variable 'sign_bit' can be reduced.
..\workspace\J2STD\SRC\COMFUNC\acucom.c,738,style,variableScope,The scope of the variable 'sign_data' can be reduced.
..\workspace\J2STD\SRC\COMFUNC\acucom.c,795,style,variableScope,The scope of the variable 'tmp' can be reduced.
..\workspace\J2STD\SRC\COMFUNC\acucom.c,278,style,unsignedPositive,Unsigned expression 'bin[i]' can't be negative so it is unnecessary to test it.
..\workspace\J2STD\SRC\COMFUNC\acucom.c,307,style,unsignedPositive,Unsigned expression 'bcd[i]' can't be negative so it is unnecessary to test it.
..\workspace\J2STD\SRC\COMFUNC\acucom.c,348,style,unsignedPositive,Unsigned expression '*da_bidata' can't be negative so it is unnecessary to test it.
..\workspace\J2STD\SRC\COMFUNC\acucom.c,577,style,unusedFunction,The function 'c_bcdToDouble' is never used.
..\workspace\J2STD\SRC\COMFUNC\acucom.c,524,style,unusedFunction,The function 'c_bcdToLong' is never used.
..\workspace\J2STD\SRC\COMFUNC\acucom.c,727,style,unusedFunction,The function 'c_binToLong' is never used.
..\workspace\J2STD\SRC\COMFUNC\acucom.c,420,style,unusedFunction,The function 'c_doubleToBCD' is never used.
..\workspace\J2STD\SRC\COMFUNC\acucom.c,691,style,unusedFunction,The function 'c_doubleTobin' is never used.
..\workspace\J2STD\SRC\COMFUNC\acucom.c,664,style,unusedFunction,The function 'c_longTobin' is never used.
..\workspace\J2STD\SRC\COMFUNC\acucom.c,114,style,unusedFunction,The function 'compress32' is never used.
..\workspace\J2STD\SRC\COMFUNC\acucom.c,145,style,unusedFunction,The function 'expand32' is never used.
..\workspace\J2STD\SRC\COMFUNC\anglecom.c,33,style,variableScope,The scope of the variable 'x_rad' can be reduced.
..\workspace\J2STD\SRC\COMFUNC\anglecom.c,34,style,variableScope,The scope of the variable 'y_rad' can be reduced.
..\workspace\J2STD\SRC\COMFUNC\anglecom.c,144,style,variableScope,The scope of the variable 'az_rad' can be reduced.
..\workspace\J2STD\SRC\COMFUNC\anglecom.c,145,style,variableScope,The scope of the variable 'el_rad' can be reduced.
..\workspace\J2STD\SRC\COMFUNC\runpulse.c,58,style,variableScope,The scope of the variable 'ret' can be reduced.
..\workspace\J2STD\SRC\COMFUNC\runpulse.c,118,style,unusedFunction,The function 'runpulseGet' is never used.
..\workspace\J2STD\SRC\COMFUNC\runpulse.c,95,style,unusedFunction,The function 'runpulseSet' is never used.
..\workspace\J2STD\SRC\CPU\flashring.c,204,portability,invalidPrintfArgType_uint,%u in format string (no. 2) requires 'unsigned int' but the argument type is 'size_t {aka unsigned long}'.
..\workspace\J2STD\SRC\CPU\flashring.c,174,style,variableScope,The scope of the variable 'retSize' can be reduced.
..\workspace\J2STD\SRC\CPU\flashring.c,175,style,variableScope,The scope of the variable 'ret' can be reduced.
..\workspace\J2STD\SRC\CPU\flashring.c,176,style,variableScope,The scope of the variable 'datap' can be reduced.
..\workspace\J2STD\SRC\CPU\flashring.c,53,style,unreadVariable,Variable 'ret' is assigned a value that is never used.
..\workspace\J2STD\SRC\CPU\flashring.c,117,style,unreadVariable,Variable 'ret' is assigned a value that is never used.
..\workspace\J2STD\SRC\CPU\flashring.c,173,style,unreadVariable,Variable 'block' is assigned a value that is never used.
..\workspace\J2STD\SRC\CPU\flashring.c,232,style,unreadVariable,Variable 'block' is assigned a value that is never used.
..\workspace\J2STD\SRC\CPU\flashring.c,234,style,unreadVariable,Variable 'ret' is assigned a value that is never used.
..\workspace\J2STD\SRC\DSP\dsp.c,699,error,syntaxError,The code contains unhandled character(s) (character code=145). Neither unicode nor extended ascii is supported.
..\workspace\J2STD\SRC\DSP\dsp_coff.c,137,style,knownConditionTrueFalse,Condition '*(unsigned char*)&w==0x34' is always false
..\workspace\J2STD\SRC\DSP\dsp_coff.c,183,error,resourceLeak,Resource leak: fp
..\workspace\J2STD\SRC\DSP\dsp_coff.c,35,style,unusedStructMember,struct member 'filehdr::f_verid' is never used.
..\workspace\J2STD\SRC\DSP\dsp_coff.c,37,style,unusedStructMember,struct member 'filehdr::f_timdat' is never used.
..\workspace\J2STD\SRC\DSP\dsp_coff.c,38,style,unusedStructMember,struct member 'filehdr::f_symptr' is never used.
..\workspace\J2STD\SRC\DSP\dsp_coff.c,39,style,unusedStructMember,struct member 'filehdr::f_nsyms' is never used.
..\workspace\J2STD\SRC\DSP\dsp_coff.c,41,style,unusedStructMember,struct member 'filehdr::f_flags' is never used.
..\workspace\J2STD\SRC\DSP\dsp_coff.c,42,style,unusedStructMember,struct member 'filehdr::f_target' is never used.
..\workspace\J2STD\SRC\DSP\dsp_coff.c,51,style,unusedStructMember,struct member 'aouthdr::magic' is never used.
..\workspace\J2STD\SRC\DSP\dsp_coff.c,52,style,unusedStructMember,struct member 'aouthdr::vstamp' is never used.
..\workspace\J2STD\SRC\DSP\dsp_coff.c,53,style,unusedStructMember,struct member 'aouthdr::tsize' is never used.
..\workspace\J2STD\SRC\DSP\dsp_coff.c,54,style,unusedStructMember,struct member 'aouthdr::dsize' is never used.
..\workspace\J2STD\SRC\DSP\dsp_coff.c,55,style,unusedStructMember,struct member 'aouthdr::bsize' is never used.
..\workspace\J2STD\SRC\DSP\dsp_coff.c,56,style,unusedStructMember,struct member 'aouthdr::entry' is never used.
..\workspace\J2STD\SRC\DSP\dsp_coff.c,57,style,unusedStructMember,struct member 'aouthdr::text_start' is never used.
..\workspace\J2STD\SRC\DSP\dsp_coff.c,58,style,unusedStructMember,struct member 'aouthdr::data_start' is never used.
..\workspace\J2STD\SRC\DSP\dsp_coff.c,172,portability,invalidPrintfArgType_sint,%d in format string (no. 1) requires 'int' but the argument type is 'size_t {aka unsigned long}'.
..\workspace\J2STD\SRC\DSP\dsp_coff.c,172,portability,invalidPrintfArgType_sint,%d in format string (no. 2) requires 'int' but the argument type is 'size_t {aka unsigned long}'.
..\workspace\J2STD\SRC\DSP\dsp_coff.c,153,style,unusedFunction,The function 'dsp_coff_tx' is never used.
..\workspace\J2STD\SRC\DSP\dsp_hw.c,145,warning,invalidPrintfArgType_sint,%d in format string (no. 1) requires 'int' but the argument type is 'unsigned long'.
..\workspace\J2STD\SRC\DSP\dsp_hw.c,176,warning,invalidPrintfArgType_sint,%d in format string (no. 1) requires 'int' but the argument type is 'unsigned long'.
..\workspace\J2STD\SRC\DSP\dsp_hw.c,236,warning,invalidPrintfArgType_sint,%d in format string (no. 1) requires 'int' but the argument type is 'unsigned long'.
..\workspace\J2STD\SRC\DSP\dsp_hw.c,291,warning,invalidPrintfArgType_sint,%d in format string (no. 1) requires 'int' but the argument type is 'unsigned long'.
..\workspace\J2STD\SRC\DSP\dsp_hw.c,320,warning,invalidPrintfArgType_sint,%d in format string (no. 1) requires 'int' but the argument type is 'unsigned long'.
..\workspace\J2STD\SRC\DSP\dsp_hw.c,344,warning,invalidPrintfArgType_sint,%d in format string (no. 1) requires 'int' but the argument type is 'unsigned long'.
..\workspace\J2STD\SRC\DSP\dsp_hw.c,143,style,unusedVariable,Unused variable: ret
..\workspace\J2STD\SRC\DSP\dsp_hw.c,174,style,unusedVariable,Unused variable: ret
..\workspace\J2STD\SRC\DSP\dsp_hw.c,203,style,unusedVariable,Unused variable: ret
..\workspace\J2STD\SRC\DSP\dsp_hw.c,234,style,unusedVariable,Unused variable: ret
..\workspace\J2STD\SRC\DSP\dsp_hw.c,263,style,unusedVariable,Unused variable: ret
..\workspace\J2STD\SRC\DSP\dsp_hw.c,289,style,unusedVariable,Unused variable: ret
..\workspace\J2STD\SRC\DSP\dsp_hw.c,316,style,unusedVariable,Unused variable: ret
..\workspace\J2STD\SRC\DSP\dsp_hw.c,339,style,unusedFunction,The function 'dsp_clrint' is never used.
..\workspace\J2STD\SRC\DSP\dsp_hw.c,285,style,unusedFunction,The function 'dsp_data_fill' is never used.
..\workspace\J2STD\SRC\DSP\dsp_hw.c,312,style,unusedFunction,The function 'dsp_dspint' is never used.
..\workspace\J2STD\SRC\DSP\dsp_hw.c,196,style,unusedFunction,The function 'dsp_dtoh' is never used.
..\workspace\J2STD\SRC\DSP\dsp_hw.c,136,style,unusedFunction,The function 'dsp_htod' is never used.
..\workspace\J2STD\SRC\DSP\dsp_hw.c,98,style,unusedFunction,The function 'dsp_initint' is never used.
..\workspace\J2STD\SRC\DSP\dsp_memmon.c,53,error,uninitvar,Uninitialized variable: ret
..\workspace\J2STD\SRC\DSP\dsp_trx_sub.c,113,error,syntaxError,Unmatched '{'. Configuration: ''.
..\workspace\J2STD\SRC\DSP\dsp_trx_sub.c,113,error,syntaxError,Unmatched '{'. Configuration: 'END_CODE'.
..\workspace\J2STD\SRC\DSP\dsp_trx_sub.c,113,error,syntaxError,Unmatched '{'. Configuration: 'NULL'.
..\workspace\J2STD\SRC\DSP\dsp_trx_sub.c,113,error,syntaxError,Unmatched '{'. Configuration: '_MSC_VER'.
..\workspace\J2STD\SRC\DSP\dsp_trx_sub.c,113,error,syntaxError,Unmatched '{'. Configuration: '__ACCESS_C__'.
..\workspace\J2STD\SRC\DSP\dsp_trx_sub.c,113,error,syntaxError,Unmatched '{'. Configuration: '__CLOCK_INIT_C__'.
..\workspace\J2STD\SRC\DSP\dsp_trx_sub.c,113,error,syntaxError,Unmatched '{'. Configuration: '__DSP_AX_C__'.
..\workspace\J2STD\SRC\DSP\dsp_trx_sub.c,113,error,syntaxError,Unmatched '{'. Configuration: '__DSP_BUF_SUB_H__'.
..\workspace\J2STD\SRC\DSP\dsp_trx_sub.c,113,error,syntaxError,Unmatched '{'. Configuration: '__DSP_USER_C__'.
..\workspace\J2STD\SRC\DSP\dsp_trx_sub.c,113,error,syntaxError,Unmatched '{'. Configuration: '__SRVTEST_C__'.
..\workspace\J2STD\SRC\DSP\dsp_trx_sub.c,113,error,syntaxError,Unmatched '{'. Configuration: '__SYSDATATBL_C__'.
..\workspace\J2STD\SRC\DSP\dsp_user.c,314,style,unusedFunction,The function 'dsp_test1' is never used.
..\workspace\J2STD\SRC\DSP\dsp_user.c,323,style,unusedFunction,The function 'dsp_test2' is never used.
..\workspace\J2STD\SRC\DSP\dsp_user.c,329,style,unusedFunction,The function 'dsp_test3' is never used.
..\workspace\J2STD\SRC\DSP\dsp_user.c,333,style,unusedFunction,The function 'dsp_test4' is never used.
..\workspace\J2STD\SRC\DSP\dsp_user.c,337,style,unusedFunction,The function 'dsp_test5' is never used.
..\workspace\J2STD\SRC\DSP\dsp_user.c,341,style,unusedFunction,The function 'dsp_test6' is never used.
..\workspace\J2STD\SRC\DSP\dsp_user.c,345,style,unusedFunction,The function 'dsp_test7' is never used.
..\workspace\J2STD\SRC\DSP\dsp_user.c,349,style,unusedFunction,The function 'dsp_test8' is never used.
..\workspace\J2STD\SRC\DSP\dsp_user.c,361,style,unusedFunction,The function 'dsp_test9' is never used.
..\workspace\J2STD\SRC\EIB7IF\eib7iftask.c,138,style,variableScope,The scope of the variable 'ret' can be reduced.
..\workspace\J2STD\SRC\ERROR\halt.c,172,style,variableScope,The scope of the variable 'ret' can be reduced.
..\workspace\J2STD\SRC\ERROR\halt.c,411,style,variableScope,The scope of the variable 'fd' can be reduced.
..\workspace\J2STD\SRC\ERROR\halt.c,386,style,pointerLessThanZero,A pointer can not be negative so it is either pointless or an error to check if it is.
..\workspace\J2STD\SRC\OPIF\opiffunc.c,477,portability,invalidPointerCast,Casting between signed int * and double * which have an incompatible binary data representation.
..\workspace\J2STD\SRC\OPIF\opiffunc.c,501,portability,invalidPointerCast,Casting between signed int * and double * which have an incompatible binary data representation.
..\workspace\J2STD\SRC\OPIF\opiffunc.c,548,portability,invalidPointerCast,Casting between signed int * and double * which have an incompatible binary data representation.
..\workspace\J2STD\SRC\OPIF\opiffunc.c,847,style,variableScope,The scope of the variable 'int_data' can be reduced.
..\workspace\J2STD\SRC\OPIF\opiffunc.c,150,style,unusedFunction,The function 'getAccessStr' is never used.
..\workspace\J2STD\SRC\OPIF\opiffunc.c,173,style,unusedFunction,The function 'getBandStr' is never used.
..\workspace\J2STD\SRC\OPIF\opiffunc.c,542,style,unusedFunction,The function 'getPercentageData' is never used.
..\workspace\J2STD\SRC\OPIF\opiffunc.c,880,style,unusedFunction,The function 'getSigAutoOpn' is never used.
..\workspace\J2STD\SRC\OPIF\opiffunc.c,812,style,unusedFunction,The function 'getSigDrOpn' is never used.
..\workspace\J2STD\SRC\OPIF\opiffunc.c,749,style,unusedFunction,The function 'getSigDrRdy' is never used.
..\workspace\J2STD\SRC\OPIF\opiffunc.c,781,style,unusedFunction,The function 'getSigDrSel' is never used.
..\workspace\J2STD\SRC\OPIF\opiffunc.c,862,style,unusedFunction,The function 'getSigInEnaLclAutoOpn' is never used.
..\workspace\J2STD\SRC\OPIF\opiffunc.c,259,style,unusedFunction,The function 'getStowStr' is never used.
..\workspace\J2STD\SRC\OPIF\opiffunc.c,242,style,unusedFunction,The function 'getTrkgStr' is never used.
..\workspace\J2STD\SRC\OPIF\opiffunc.c,567,style,unusedFunction,The function 'setPause' is never used.
..\workspace\J2STD\SRC\OPIF\opiffunc.c,450,style,unusedFunction,The function 'setSigNot' is never used.
..\workspace\J2STD\SRC\OPIF\opiffunc.c,899,style,unusedFunction,The function 'storeUsrdefParam' is never used.
..\workspace\J2STD\SRC\OPIF\opifinit.c,466,style,variableScope,The scope of the variable 'ret' can be reduced.
..\workspace\J2STD\SRC\OPIF\opifinit.c,464,style,unusedFunction,The function 'updateKeyTbl_TrkgFreqName' is never used.
..\workspace\J2STD\SRC\PARALLEL\paralle_init.c,265,style,variableScope,The scope of the variable 'ret' can be reduced.
..\workspace\J2STD\SRC\PARALLEL\paralle_init.c,298,style,variableScope,The scope of the variable 'ret' can be reduced.
..\workspace\J2STD\SRC\PARALLEL\paralle_init.c,345,style,variableScope,The scope of the variable 'ret' can be reduced.
..\workspace\J2STD\SRC\PARALLEL\paralle_init.c,172,style,unusedVariable,Unused variable: ret
..\workspace\J2STD\SRC\PARALLEL\paralle_init.c,217,style,unusedVariable,Unused variable: ret
..\workspace\J2STD\SRC\PARALLEL\parallel.c,66,style,variableScope,The scope of the variable 'ret' can be reduced.
..\workspace\J2STD\SRC\PARALLEL\parallel.c,94,style,variableScope,The scope of the variable 'ret' can be reduced.
..\workspace\J2STD\SRC\PARALLEL\parallel.c,120,style,variableScope,The scope of the variable 'ret' can be reduced.
..\workspace\J2STD\SRC\P_CONT\alarm.c,657,style,unusedFunction,The function 'clearFault' is never used.
..\workspace\J2STD\SRC\P_CONT\conttask.c,179,style,variableScope,The scope of the variable 'ret' can be reduced.
..\workspace\J2STD\SRC\P_CONT\drmode.c,212,style,variableScope,The scope of the variable 'offset' can be reduced.
..\workspace\J2STD\SRC\P_CONT\interpolation.c,86,style,variableScope,The scope of the variable 'i' can be reduced.
..\workspace\J2STD\SRC\P_CONT\interpolation.c,87,style,variableScope,The scope of the variable 'cond_interpolation_xy' can be reduced.
..\workspace\J2STD\SRC\P_CONT\interpolation.c,151,style,variableScope,The scope of the variable 'i' can be reduced.
..\workspace\J2STD\SRC\P_CONT\interpolation.c,216,style,variableScope,The scope of the variable 'i' can be reduced.
..\workspace\J2STD\SRC\P_CONT\motor.c,115,warning,selfAssignment,Redundant assignment of 'sigAx3EncdrAlm' to itself.
..\workspace\J2STD\SRC\P_CONT\motor.c,116,warning,selfAssignment,Redundant assignment of 'sigAx3CntrOvfl' to itself.
..\workspace\J2STD\SRC\P_CONT\motor.c,294,style,unusedFunction,The function 'az_mot_decoder' is never used.
..\workspace\J2STD\SRC\P_CONT\motor.c,335,style,unusedFunction,The function 'el_mot_decoder' is never used.
..\workspace\J2STD\SRC\P_CONT\motor.c,374,style,unusedFunction,The function 'set_1motor_single_sel' is never used.
..\workspace\J2STD\SRC\P_CONT\stowpin.c,299,style,unusedFunction,The function 'setStowPin_Ax2InsrRdy' is never used.
..\workspace\J2STD\SRC\P_CONT\stowpin.c,312,style,unusedFunction,The function 'setStowPin_Ax2RlseRdy' is never used.
..\workspace\J2STD\SRC\P_CONT\trkgfreq.c,191,style,unusedFunction,The function 'chg_trkgfreq_auto' is never used.
..\workspace\J2STD\SRC\P_INIT\drivererror.c,95,error,syntaxError,The code contains unhandled character(s) (character code=131). Neither unicode nor extended ascii is supported.
..\workspace\J2STD\SRC\P_INIT\inittask.c,257,style,unusedVariable,Unused variable: dsp_card_no
..\workspace\J2STD\SRC\P_LOOP\acuunittest.c,481,style,unusedFunction,The function 'set_unittest_opn' is never used.
..\workspace\J2STD\SRC\P_LOOP\analog.c,239,style,variableScope,The scope of the variable 'ret' can be reduced.
..\workspace\J2STD\SRC\P_LOOP\analog.c,364,style,variableScope,The scope of the variable 'ret' can be reduced.
..\workspace\J2STD\SRC\P_LOOP\analog.c,293,style,unusedFunction,The function 'printAdVal' is never used.
..\workspace\J2STD\SRC\P_LOOP\autoerr.c,696,style,variableScope,The scope of the variable 'ax2real_adjst_deg' can be reduced.
..\workspace\J2STD\SRC\P_LOOP\autoerr.c,697,style,variableScope,The scope of the variable 'ax2real_adjst_rad' can be reduced.
..\workspace\J2STD\SRC\P_LOOP\autoerr.c,698,style,variableScope,The scope of the variable 'ax3real_rad' can be reduced.
..\workspace\J2STD\SRC\P_LOOP\autoerr.c,699,style,variableScope,The scope of the variable 'sign' can be reduced.
..\workspace\J2STD\SRC\P_LOOP\autoerr.c,828,style,variableScope,The scope of the variable 'ax2real_deg' can be reduced.
..\workspace\J2STD\SRC\P_LOOP\autoerr.c,829,style,variableScope,The scope of the variable 'ax2real_rad' can be reduced.
..\workspace\J2STD\SRC\P_LOOP\autoerr.c,830,style,variableScope,The scope of the variable 'ax3real_rad' can be reduced.
..\workspace\J2STD\SRC\P_LOOP\autoerr.c,831,style,variableScope,The scope of the variable 'elreal_rad' can be reduced.
..\workspace\J2STD\SRC\P_LOOP\autoerr.c,832,style,variableScope,The scope of the variable 'sign' can be reduced.
..\workspace\J2STD\SRC\P_LOOP\autoerr.c,833,style,variableScope,The scope of the variable 'sin_phiCR' can be reduced.
..\workspace\J2STD\SRC\P_LOOP\autoerr.c,834,style,variableScope,The scope of the variable 'secant' can be reduced.
..\workspace\J2STD\SRC\P_LOOP\autoprog.c,328,style,variableScope,The scope of the variable 'apcmd' can be reduced.
..\workspace\J2STD\SRC\P_LOOP\autoprog.c,449,style,variableScope,The scope of the variable 'ax2real_deg' can be reduced.
..\workspace\J2STD\SRC\P_LOOP\autoprog.c,450,style,variableScope,The scope of the variable 'ax3real_rad' can be reduced.
..\workspace\J2STD\SRC\P_LOOP\autoprog.c,451,style,variableScope,The scope of the variable 'elreal_rad' can be reduced.
..\workspace\J2STD\SRC\P_LOOP\autoprog.c,452,style,variableScope,The scope of the variable 'sign' can be reduced.
..\workspace\J2STD\SRC\P_LOOP\cmdangle.c,568,style,unusedFunction,The function 'get_make_cmdang_flg' is never used.
..\workspace\J2STD\SRC\P_LOOP\cmdangle.c,513,style,unusedFunction,The function 's_Limit' is never used.
..\workspace\J2STD\SRC\P_LOOP\looptask.c,181,style,unusedVariable,Unused variable: dsp_card_no
..\workspace\J2STD\SRC\P_LOOP\majref.c,139,style,variableScope,The scope of the variable 'i' can be reduced.
..\workspace\J2STD\SRC\P_LOOP\majref.c,233,style,variableScope,The scope of the variable 'i' can be reduced.
..\workspace\J2STD\SRC\P_LOOP\majref.c,589,style,unusedFunction,The function 'get_ax3_filterflt' is never used.
..\workspace\J2STD\SRC\P_LOOP\majref.c,500,style,unusedFunction,The function 'get_az_filterflt' is never used.
..\workspace\J2STD\SRC\P_LOOP\majref.c,570,style,unusedFunction,The function 'get_cr_filterflt' is never used.
..\workspace\J2STD\SRC\P_LOOP\majref.c,536,style,unusedFunction,The function 'get_el_filterflt' is never used.
..\workspace\J2STD\SRC\P_LOOP\majref.c,428,style,unusedFunction,The function 's_passPosnLoopFilter' is never used.
..\workspace\J2STD\SRC\P_LOOP\makelevel.c,82,style,variableScope,The scope of the variable 'beacon' can be reduced.
..\workspace\J2STD\SRC\P_LOOP\makelevel.c,106,style,variableScope,The scope of the variable 'no_noise_beacon' can be reduced.
..\workspace\J2STD\SRC\P_LOOP\makelevel.c,82,style,unreadVariable,Variable 'beacon' is assigned a value that is never used.
..\workspace\J2STD\SRC\P_LOOP\makelevel.c,106,style,unreadVariable,Variable 'no_noise_beacon' is assigned a value that is never used.
..\workspace\J2STD\SRC\P_LOOP\mancmd.c,140,style,variableScope,The scope of the variable 'sign' can be reduced.
..\workspace\J2STD\SRC\P_LOOP\overspd.c,366,style,unusedFunction,The function 'get_ax3_ovrspeed' is never used.
..\workspace\J2STD\SRC\P_LOOP\overspd.c,269,style,unusedFunction,The function 'get_az_ovrspeed' is never used.
..\workspace\J2STD\SRC\P_LOOP\overspd.c,348,style,unusedFunction,The function 'get_cr_ovrspeed' is never used.
..\workspace\J2STD\SRC\P_LOOP\overspd.c,307,style,unusedFunction,The function 'get_el_ovrspeed' is never used.
..\workspace\J2STD\SRC\P_LOOP\posncmd.c,229,style,variableScope,The scope of the variable 'retTest' can be reduced.
..\workspace\J2STD\SRC\P_LOOP\posnloop.c,853,style,knownConditionTrueFalse,Condition 'err_fabs<err_thred_s' is always true
..\workspace\J2STD\SRC\P_LOOP\progcmd.c,240,style,variableScope,The scope of the variable 'i' can be reduced.
..\workspace\J2STD\SRC\P_LOOP\progcmd.c,560,style,variableScope,The scope of the variable 'condSingularpoint' can be reduced.
..\workspace\J2STD\SRC\P_LOOP\progcmd.c,563,style,variableScope,The scope of the variable 'elpcmd_rad' can be reduced.
..\workspace\J2STD\SRC\P_LOOP\progcmd.c,564,style,variableScope,The scope of the variable 'ax3real_rad' can be reduced.
..\workspace\J2STD\SRC\P_LOOP\progcmd.c,565,style,variableScope,The scope of the variable 'ax1_adjst' can be reduced.
..\workspace\J2STD\SRC\P_LOOP\progcmd.c,675,style,variableScope,The scope of the variable 'condSingularpoint' can be reduced.
..\workspace\J2STD\SRC\P_LOOP\progcmd.c,728,style,variableScope,The scope of the variable 'ax1_error_deg' can be reduced.
..\workspace\J2STD\SRC\P_LOOP\progcmd.c,520,style,unusedFunction,The function 's_realtocmdProg' is never used.
..\workspace\J2STD\SRC\P_LOOP\pulse.c,217,style,shadowVariable,Local variable 'freq' shadows outer variable
..\workspace\J2STD\SRC\P_LOOP\pulse.c,94,style,unusedFunction,The function 'm_pulse_out' is never used.
..\workspace\J2STD\SRC\P_LOOP\rdin.c,266,style,redundantAssignment,Variable 'ret' is reassigned a value before the old one has been used.
..\workspace\J2STD\SRC\P_LOOP\rdin.c,157,style,variableScope,The scope of the variable 'holdError' can be reduced.
..\workspace\J2STD\SRC\P_LOOP\rdin.c,159,style,variableScope,The scope of the variable 'd_angle' can be reduced.
..\workspace\J2STD\SRC\P_LOOP\rdin.c,160,style,variableScope,The scope of the variable 'slipAlarm' can be reduced.
..\workspace\J2STD\SRC\P_LOOP\rdin.c,266,style,unreadVariable,Variable 'ret' is assigned a value that is never used.
..\workspace\J2STD\SRC\P_LOOP\rdin.c,392,style,unusedFunction,The function 'getAx1RdAngInFail' is never used.
..\workspace\J2STD\SRC\P_LOOP\rdin.c,422,style,unusedFunction,The function 'getAx1RdSlipAlm' is never used.
..\workspace\J2STD\SRC\P_LOOP\rdin.c,398,style,unusedFunction,The function 'getAx2RdAngInFail' is never used.
..\workspace\J2STD\SRC\P_LOOP\rdin.c,428,style,unusedFunction,The function 'getAx2RdSlipAlm' is never used.
..\workspace\J2STD\SRC\P_LOOP\rdin.c,404,style,unusedFunction,The function 'getAx3RdAngInFail' is never used.
..\workspace\J2STD\SRC\P_LOOP\rdin.c,434,style,unusedFunction,The function 'getAx3RdSlipAlm' is never used.
..\workspace\J2STD\SRC\P_LOOP\runaway.c,417,style,unusedFunction,The function 'get_ax3_runaway' is never used.
..\workspace\J2STD\SRC\P_LOOP\step.c,2246,error,internalAstError,Syntax Error: AST broken, 'if' doesn't have two operands.
..\workspace\J2STD\SRC\P_LOOP\steptest.c,232,style,unusedFunction,The function 'AddStepTrackNoiseTest' is never used.
..\workspace\J2STD\SRC\P_LOOP\steptest.c,213,style,unusedFunction,The function 'EndtStepTrackTest' is never used.
..\workspace\J2STD\SRC\P_LOOP\steptest.c,172,style,unusedFunction,The function 'StartStepTrackTest' is never used.
..\workspace\J2STD\SRC\P_LOOP\stowposn.c,86,style,unusedFunction,The function 'getStowPosnAx2Opn' is never used.
..\workspace\J2STD\SRC\REMOTE\serial.c,83,style,variableScope,The scope of the variable 'func' can be reduced.
..\workspace\J2STD\SRC\REMOTE\serial.c,518,style,unreadVariable,Variable 'set_data' is assigned a value that is never used.
..\workspace\J2STD\SRC\REMOTE\serial.c,563,style,unusedVariable,Unused variable: i
..\workspace\J2STD\SRC\REMOTE\serial.c,944,style,unusedFunction,The function 's_getPosnOpn' is never used.
..\workspace\J2STD\SRC\REMOTE\serial.c,583,style,unusedFunction,The function 's_rx_rmt_cmd' is never used.
..\workspace\J2STD\SRC\REMOTE\serial.c,872,style,unusedFunction,The function 's_rx_rmt_trns_vol' is never used.
..\workspace\J2STD\SRC\REMOTE\serial.c,504,style,unusedFunction,The function 's_rx_set_bin' is never used.
..\workspace\J2STD\SRC\REMOTE\serial.c,239,style,unusedFunction,The function 's_rxtrns_dbl' is never used.
..\workspace\J2STD\SRC\REMOTE\serial.c,430,style,unusedFunction,The function 's_tx_rmt_bit' is never used.
..\workspace\J2STD\SRC\REMOTE\serial.c,373,style,unusedFunction,The function 's_tx_rmt_dbl' is never used.
..\workspace\J2STD\SRC\REMOTE\serial.c,994,style,unusedFunction,The function 's_tx_rmt_enalbe_bit_AutoOpn' is never used.
..\workspace\J2STD\SRC\REMOTE\serial.c,673,style,unusedFunction,The function 's_tx_rmt_trns_ang' is never used.
..\workspace\J2STD\SRC\REMOTE\serial.c,730,style,unusedFunction,The function 's_tx_rmt_trns_vol' is never used.
..\workspace\J2STD\SRC\REMOTE\serial.c,482,style,unusedFunction,The function 's_tx_set_bin' is never used.
..\workspace\J2STD\SRC\REMOTE\serial.c,107,style,unusedFunction,The function 's_txtrns_dbl' is never used.
..\workspace\J2STD\SRC\REMOTE\serialif.c,673,portability,invalidPointerCast,Casting between signed int * and double * which have an incompatible binary data representation.
..\workspace\J2STD\SRC\REMOTE\serialif.c,631,style,variableScope,The scope of the variable 'rslt' can be reduced.
..\workspace\J2STD\SRC\REMOTE\serialif.c,713,style,variableScope,The scope of the variable 'ret_msg' can be reduced.
..\workspace\J2STD\SRC\REMOTE\serialif.c,798,style,unusedFunction,The function 'set_cmdRecvFromPce_OFF' is never used.
..\workspace\J2STD\SRC\REMOTE\serialif.c,789,style,unusedFunction,The function 'set_cmdRecvFromPce_ON' is never used.
..\workspace\J2STD\SRC\REMOTE\serialif_rtp.c,220,style,unusedFunction,The function 'serial_rtp_disable' is never used.
..\workspace\J2STD\SRC\SNTP\synctimtsk.c,448,style,redundantAssignment,Variable 'rtn' is reassigned a value before the old one has been used.
..\workspace\J2STD\SRC\SNTP\synctimtsk.c,142,style,variableScope,The scope of the variable 'ret' can be reduced.
..\workspace\J2STD\SRC\SNTP\synctimtsk.c,274,style,variableScope,The scope of the variable 'yymmdd' can be reduced.
..\workspace\J2STD\SRC\SNTP\synctimtsk.c,275,style,variableScope,The scope of the variable 'hhmmss' can be reduced.
..\workspace\J2STD\SRC\SNTP\synctimtsk.c,274,style,unreadVariable,Variable 'yymmdd' is assigned a value that is never used.
..\workspace\J2STD\SRC\SNTP\synctimtsk.c,275,style,unreadVariable,Variable 'hhmmss' is assigned a value that is never used.
..\workspace\J2STD\SRC\SNTP\synctimtsk.c,448,style,unreadVariable,Variable 'rtn' is assigned a value that is never used.
..\workspace\J2STD\SRC\SNTP\synctimtsk.c,470,style,unusedFunction,The function 'm_GetAcuPceSyncTimeMsgStat' is never used.
..\workspace\J2STD\SRC\SNTP\synctimtsk.c,410,style,unusedFunction,The function 'm_GetTimeSyncAns' is never used.
..\workspace\J2STD\SRC\SNTP\synctimtsk.c,438,style,unusedFunction,The function 'm_SysTimeDisp' is never used.
..\workspace\J2STD\SRC\SNTP\synctimtsk.c,386,style,unusedFunction,The function 'm_TimeSyncReq' is never used.
..\workspace\J2STD\SRC\SYSDATA\sysdataref.c,117,style,redundantAssignment,Variable 'ret' is reassigned a value before the old one has been used.
..\workspace\J2STD\SRC\SYSDATA\sysdataref.c,118,style,redundantAssignment,Variable 'ret' is reassigned a value before the old one has been used.
..\workspace\J2STD\SRC\SYSDATA\sysdataref.c,151,style,redundantAssignment,Variable 'ret' is reassigned a value before the old one has been used.
..\workspace\J2STD\SRC\SYSDATA\sysdataref.c,152,style,redundantAssignment,Variable 'ret' is reassigned a value before the old one has been used.
..\workspace\J2STD\SRC\SYSDATA\sysdataref.c,182,style,redundantAssignment,Variable 'ret' is reassigned a value before the old one has been used.
..\workspace\J2STD\SRC\SYSDATA\sysdataref.c,183,style,redundantAssignment,Variable 'ret' is reassigned a value before the old one has been used.
..\workspace\J2STD\SRC\SYSDATA\sysdataref.c,250,style,redundantAssignment,Variable 'ret' is reassigned a value before the old one has been used.
..\workspace\J2STD\SRC\SYSDATA\sysdataref.c,251,style,redundantAssignment,Variable 'ret' is reassigned a value before the old one has been used.
..\workspace\J2STD\SRC\SYSDATA\sysdataref.c,281,style,redundantAssignment,Variable 'ret' is reassigned a value before the old one has been used.
..\workspace\J2STD\SRC\SYSDATA\sysdataref.c,282,style,redundantAssignment,Variable 'ret' is reassigned a value before the old one has been used.
..\workspace\J2STD\SRC\SYSDATA\sysdataref.c,316,style,redundantAssignment,Variable 'ret' is reassigned a value before the old one has been used.
..\workspace\J2STD\SRC\SYSDATA\sysdataref.c,317,style,redundantAssignment,Variable 'ret' is reassigned a value before the old one has been used.
..\workspace\J2STD\SRC\SYSDATA\sysdataref.c,118,style,unreadVariable,Variable 'ret' is assigned a value that is never used.
..\workspace\J2STD\SRC\SYSDATA\sysdataref.c,152,style,unreadVariable,Variable 'ret' is assigned a value that is never used.
..\workspace\J2STD\SRC\SYSDATA\sysdataref.c,183,style,unreadVariable,Variable 'ret' is assigned a value that is never used.
..\workspace\J2STD\SRC\SYSDATA\sysdataref.c,199,style,unusedVariable,Unused variable: ret
..\workspace\J2STD\SRC\SYSDATA\sysdataref.c,217,style,unusedVariable,Unused variable: ret
..\workspace\J2STD\SRC\SYSDATA\sysdataref.c,251,style,unreadVariable,Variable 'ret' is assigned a value that is never used.
..\workspace\J2STD\SRC\SYSDATA\sysdataref.c,282,style,unreadVariable,Variable 'ret' is assigned a value that is never used.
..\workspace\J2STD\SRC\SYSDATA\sysdataref.c,317,style,unreadVariable,Variable 'ret' is assigned a value that is never used.
..\workspace\J2STD\SRC\SYSDATA\sysdataref.c,334,style,unusedVariable,Unused variable: ret
..\workspace\J2STD\SRC\SYSDATA\sysdataref.c,369,style,unusedVariable,Unused variable: ret
..\workspace\J2STD\SRC\SYSDATA\sysdataref.c,105,style,unusedFunction,The function 'dataLoad' is never used.
..\workspace\J2STD\SRC\SYSDATA\sysdataref.c,238,style,unusedFunction,The function 'dataRestore' is never used.
..\workspace\J2STD\SRC\SYSDATA\sysdataref.c,139,style,unusedFunction,The function 'dataSave' is never used.
..\workspace\J2STD\SRC\SYSDATA\sysdataref.c,170,style,unusedFunction,The function 'dataStore' is never used.
..\workspace\J2STD\SRC\SYSDATA\sysdataref.c,332,style,unusedFunction,The function 'trkgFreqParamUpd' is never used.
..\workspace\OPIFDRV\SRC\opif_main.c,297,error,resourceLeak,Resource leak: sFd
..\workspace\OPIFDRV\SRC\opif_main.c,330,style,redundantAssignment,Variable 'chk_rcv' is reassigned a value before the old one has been used.
..\workspace\OPIFDRV\SRC\opif_main.c,283,style,unreadVariable,Variable 'chk_rcv' is assigned a value that is never used.
..\workspace\OPIFDRV\SRC\opif_main.c,478,style,unreadVariable,Variable 'tx_ret' is assigned a value that is never used.
..\workspace\OPIFDRV\SRC\opif_main.c,515,style,unreadVariable,Variable 'ret' is assigned a value that is never used.
..\workspace\OPIFDRV\SRC\opif_main.c,534,style,unreadVariable,Variable 'ret' is assigned a value that is never used.
..\workspace\OPIFDRV\SRC\opif_msg.c,832,style,variableScope,The scope of the variable 'slewEnable' can be reduced.
..\workspace\OPIFDRV\SRC\opif_msg.c,834,style,variableScope,The scope of the variable 'flag' can be reduced.
..\workspace\OPIFDRV\SRC\opif_msg.c,914,style,variableScope,The scope of the variable 'ffunc' can be reduced.
..\workspace\OPIFDRV\SRC\opif_msg.c,916,style,variableScope,The scope of the variable 'cnt' can be reduced.
..\workspace\OPIFDRV\SRC\opif_msg.c,987,style,variableScope,The scope of the variable 'ffunc' can be reduced.
..\workspace\OPIFDRV\SRC\opif_msg.c,989,style,variableScope,The scope of the variable 'cnt' can be reduced.
..\workspace\OPIFDRV\SRC\opif_msg.c,561,style,unreadVariable,Variable 'flag' is assigned a value that is never used.
..\workspace\OPIFDRV\SRC\opif_msg.c,627,style,unreadVariable,Variable 'flag' is assigned a value that is never used.
..\workspace\OPIFDRV\SRC\opif_msg.c,702,style,unreadVariable,Variable 'value' is assigned a value that is never used.
..\workspace\OPIFDRV\SRC\opif_msg.c,703,style,unreadVariable,Variable 'flag' is assigned a value that is never used.
..\workspace\OPIFDRV\SRC\opif_msg.c,834,style,unreadVariable,Variable 'flag' is assigned a value that is never used.
..\workspace\OPIFDRV\SRC\opif_msg.c,879,style,unreadVariable,Variable 'flag' is assigned a value that is never used.
..\workspace\OPIFDRV\SRC\opif_msg.c,952,style,unreadVariable,Variable 'flag' is assigned a value that is never used.
..\workspace\OPIFDRV\SRC\opif_msg.c,1025,style,unreadVariable,Variable 'value' is assigned a value that is never used.
..\workspace\OPIFDRV\SRC\opif_msg.c,1062,style,unreadVariable,Variable 'value' is assigned a value that is never used.
..\workspace\OPIFDRV\SRC\opif_msg.c,1063,style,unreadVariable,Variable 'flag' is assigned a value that is never used.
..\workspace\OPIFDRV\SRC\opif_msg.c,1122,style,unreadVariable,Variable 'value' is assigned a value that is never used.
..\workspace\OPIFDRV\SRC\opif_msg.c,1123,style,unreadVariable,Variable 'flag' is assigned a value that is never used.
..\workspace\OPIFDRV\SRC\opif_msg.c,1201,style,unreadVariable,Variable 'value' is assigned a value that is never used.
..\workspace\OSWRAP\SRC\clogmsg.c,233,style,unusedVariable,Unused variable: buf
..\workspace\OSWRAP\SRC\memmon.c,770,warning,getsCalled,Obsolete function 'gets' called. It is recommended to use 'fgets' or 'gets_s' instead.
..\workspace\OSWRAP\SRC\memmon.c,635,style,variableScope,The scope of the variable 'ret' can be reduced.
..\workspace\OSWRAP\SRC\memmon.c,722,style,variableScope,The scope of the variable 'retc' can be reduced.
..\workspace\OSWRAP\SRC\memmon.c,952,style,variableScope,The scope of the variable 'temp' can be reduced.
..\workspace\OSWRAP\SRC\memmon.c,225,style,unusedFunction,The function 'dd' is never used.
..\workspace\OSWRAP\SRC\memmon.c,259,style,unusedFunction,The function 'df' is never used.
..\workspace\OSWRAP\SRC\memmon.c,1094,style,unusedFunction,The function 'dsp2d' is never used.
..\workspace\OSWRAP\SRC\memmon.c,1114,style,unusedFunction,The function 'dsp2df' is never used.
..\workspace\OSWRAP\SRC\memmon.c,1147,style,unusedFunction,The function 'dsp2m' is never used.
..\workspace\OSWRAP\SRC\memmon.c,1167,style,unusedFunction,The function 'dsp2mf' is never used.
..\workspace\OSWRAP\SRC\memmon.c,367,style,unusedFunction,The function 'dspd' is never used.
..\workspace\OSWRAP\SRC\memmon.c,387,style,unusedFunction,The function 'dspdf' is never used.
..\workspace\OSWRAP\SRC\memmon.c,564,style,unusedFunction,The function 'dspm' is never used.
..\workspace\OSWRAP\SRC\memmon.c,585,style,unusedFunction,The function 'dspmf' is never used.
..\workspace\OSWRAP\SRC\memmon.c,456,style,unusedFunction,The function 'mf' is never used.
..\workspace\OSWRAP\SRC\memmon.c,296,style,unusedFunction,The function 'swapd' is never used.
..\workspace\OSWRAP\SRC\memmon.c,330,style,unusedFunction,The function 'swapdf' is never used.
..\workspace\OSWRAP\SRC\memmon.c,493,style,unusedFunction,The function 'swapm' is never used.
..\workspace\OSWRAP\SRC\memmon.c,527,style,unusedFunction,The function 'swapmf' is never used.
..\workspace\OSWRAP\SRC\system_call.c,946,style,variableScope,The scope of the variable 'timeOutSec' can be reduced.
..\workspace\OSWRAP\SRC\system_call.c,947,style,variableScope,The scope of the variable 'clkRate' can be reduced.
..\workspace\OSWRAP\SRC\system_call.c,206,style,unusedFunction,The function 'c_intConnect' is never used.
..\workspace\OSWRAP\SRC\system_call.c,847,style,unusedFunction,The function 'c_rtpSpawn' is never used.
..\workspace\SUMCHECK\SRC\sumcheck.c,635,style,variableScope,The scope of the variable 'ctmp' can be reduced.
..\workspace\SUMCHECK\SRC\sumcheck.c,951,style,variableScope,The scope of the variable 'itmp' can be reduced.
..\workspace\SUMCHECK\SRC\sumcheck.c,300,style,unusedVariable,Unused variable: ii
..\workspace\SXA_SMCFCU\SRC\EIB7IF\eib7iftask_var.c,1275,style,redundantAssignment,Variable 'error' is reassigned a value before the old one has been used.
..\workspace\SXA_SMCFCU\SRC\EIB7IF\eib7iftask_var.c,1277,style,redundantAssignment,Variable 'error' is reassigned a value before the old one has been used.
..\workspace\SXA_SMCFCU\SRC\EIB7IF\eib7iftask_var.c,1279,style,redundantAssignment,Variable 'error' is reassigned a value before the old one has been used.
..\workspace\SXA_SMCFCU\SRC\EIB7IF\eib7iftask_var.c,1283,style,redundantAssignment,Variable 'error' is reassigned a value before the old one has been used.
..\workspace\SXA_SMCFCU\SRC\EIB7IF\eib7iftask_var.c,645,style,variableScope,The scope of the variable 'Nb' can be reduced.
..\workspace\SXA_SMCFCU\SRC\EIB7IF\eib7iftask_var.c,646,style,variableScope,The scope of the variable 'Rb' can be reduced.
..\workspace\SXA_SMCFCU\SRC\EIB7IF\eib7iftask_var.c,647,style,variableScope,The scope of the variable 'tmp_d' can be reduced.
..\workspace\SXA_SMCFCU\SRC\EIB7IF\eib7iftask_var.c,648,style,variableScope,The scope of the variable 'param_S' can be reduced.
..\workspace\SXA_SMCFCU\SRC\EIB7IF\eib7iftask_var.c,648,style,variableScope,The scope of the variable 'param_Xo' can be reduced.
..\workspace\SXA_SMCFCU\SRC\EIB7IF\eib7iftask_var.c,649,style,variableScope,The scope of the variable 'Na' can be reduced.
..\workspace\SXA_SMCFCU\SRC\EIB7IF\eib7iftask_var.c,650,style,variableScope,The scope of the variable 'Rt' can be reduced.
..\workspace\SXA_SMCFCU\SRC\EIB7IF\eib7iftask_var.c,651,style,variableScope,The scope of the variable 'status_word' can be reduced.
..\workspace\SXA_SMCFCU\SRC\EIB7IF\eib7iftask_var.c,991,style,variableScope,The scope of the variable 'i' can be reduced.
..\workspace\SXA_SMCFCU\SRC\EIB7IF\eib7iftask_var.c,992,style,variableScope,The scope of the variable 'status_word' can be reduced.
..\workspace\SXA_SMCFCU\SRC\EIB7IF\eib7iftask_var.c,1126,style,variableScope,The scope of the variable 'interval' can be reduced.
..\workspace\SXA_SMCFCU\SRC\EIB7IF\eib7iftask_var.c,316,style,unreadVariable,Variable 'i' is assigned a value that is never used.
..\workspace\SXA_SMCFCU\SRC\EIB7IF\eib7iftask_var.c,638,style,unreadVariable,Variable 'i' is assigned a value that is never used.
..\workspace\SXA_SMCFCU\SRC\EIB7IF\eib7iftask_var.c,991,style,unreadVariable,Variable 'i' is assigned a value that is never used.
..\workspace\SXA_SMCFCU\SRC\EIB7IF\eib7iftask_var.c,1126,style,unreadVariable,Variable 'interval' is assigned a value that is never used.
..\workspace\SXA_SMCFCU\SRC\EIB7IF\eib7iftask_var.c,1283,style,unreadVariable,Variable 'error' is assigned a value that is never used.
..\workspace\SXA_SMCFCU\SRC\EIB7IF\eib7iftask_var.c,174,style,unusedFunction,The function 'construct_eib7if_hook_impl' is never used.
..\workspace\SXA_SMCFCU\SRC\EIB7IF\eib7iftask_var.c,1303,style,unusedFunction,The function 'setEib7StatusWord' is never used.
..\workspace\SXA_SMCFCU\SRC\EIB7IF\eib7iftask_var.c,1250,style,unusedFunction,The function 'showEIB7Info' is never used.
..\workspace\SXA_SMCFCU\SRC\EIB7IF\eib7iftask_var.c,1159,style,unusedFunction,The function 'showEIB7State' is never used.
..\workspace\SXA_SMCFCU\SRC\EIB7IF\eib7iftask_var.c,1189,style,unusedFunction,The function 'showEib7Packet' is never used.
..\workspace\SXA_SMCFCU\SRC\EIB7IF\eib7iftask_var.c,1119,style,unusedFunction,The function 'showEib7ShortEst' is never used.
..\workspace\SXA_SMCFCU\SRC\OPIF\opiffunc_var.c,347,style,variableScope,The scope of the variable 'tmpRet' can be reduced.
..\workspace\SXA_SMCFCU\SRC\OPIF\opiffunc_var.c,365,style,variableScope,The scope of the variable 'retVal' can be reduced.
..\workspace\SXA_SMCFCU\SRC\OPIF\opiffunc_var.c,387,style,variableScope,The scope of the variable 'retVal' can be reduced.
..\workspace\SXA_SMCFCU\SRC\OPIF\opiffunc_var.c,347,style,unreadVariable,Variable 'tmpRet' is assigned a value that is never used.
..\workspace\SXA_SMCFCU\SRC\OPIF\opiffunc_var.c,365,style,unreadVariable,Variable 'retVal' is assigned a value that is never used.
..\workspace\SXA_SMCFCU\SRC\OPIF\opiffunc_var.c,387,style,unreadVariable,Variable 'retVal' is assigned a value that is never used.
..\workspace\SXA_SMCFCU\SRC\OPIF\opiffunc_var.c,224,style,unusedFunction,The function 'getAutoError' is never used.
..\workspace\SXA_SMCFCU\SRC\OPIF\opiffunc_var.c,137,style,unusedFunction,The function 'getAutoOpn' is never used.
..\workspace\SXA_SMCFCU\SRC\OPIF\opiffunc_var.c,173,style,unusedFunction,The function 'getBandStr_var' is never used.
..\workspace\SXA_SMCFCU\SRC\OPIF\opiffunc_var.c,75,style,unusedFunction,The function 'getCoastStsLcl' is never used.
..\workspace\SXA_SMCFCU\SRC\OPIF\opiffunc_var.c,288,style,unusedFunction,The function 'getLnaInLevelL' is never used.
..\workspace\SXA_SMCFCU\SRC\OPIF\opiffunc_var.c,272,style,unusedFunction,The function 'getLnaInLevelR' is never used.
..\workspace\SXA_SMCFCU\SRC\OPIF\opiffunc_var.c,242,style,unusedFunction,The function 'getServoError' is never used.
..\workspace\SXA_SMCFCU\SRC\OPIF\opiffunc_var.c,148,style,unusedFunction,The function 'getTrkgStr_var' is never used.
..\workspace\SXA_SMCFCU\SRC\OPIF\opiftbl_var.c,817,error,arrayIndexOutOfBounds,Array 'g_eib7if_encData.axis_data[4]' accessed at index 4, which is out of bounds.
..\workspace\SXA_SMCFCU\SRC\P_CONT\alarm_var.c,489,style,unusedFunction,The function 'construct_alarm_hook_impl' is never used.
..\workspace\SXA_SMCFCU\SRC\P_CONT\alarm_var.c,835,style,unusedFunction,The function 'getTrkRcvrLStatus' is never used.
..\workspace\SXA_SMCFCU\SRC\P_CONT\alarm_var.c,823,style,unusedFunction,The function 'getTrkRcvrRStatus' is never used.
..\workspace\SXA_SMCFCU\SRC\P_CONT\interlock_var.c,280,style,duplicateCondition,The if condition is the same as the previous if condition
..\workspace\SXA_SMCFCU\SRC\P_CONT\interlock_var.c,206,style,unusedFunction,The function 'construct_interlock_hook_impl' is never used.
..\workspace\SXA_SMCFCU\SRC\P_LOOP\posncmd_var.c,66,style,unusedFunction,The function 'construct_posncmd_hook_impl' is never used.
..\workspace\SXA_SMCFCU\SRC\REMOTE\remoteif_var.c,550,style,variableScope,The scope of the variable 'idx' can be reduced.
..\workspace\SXA_SMCFCU\SRC\REMOTE\serial_var.c,148,warning,compareBoolExpressionWithInt,Comparison of a boolean expression with an integer other than 0 or 1.
..\workspace\SYSDATA\SRC\sysdattsk.c,404,style,variableScope,The scope of the variable 'trkgFreq_num' can be reduced.
..\workspace\SYSDATA\SRC\sysdattsk.c,405,style,variableScope,The scope of the variable 'trkgFreq_len' can be reduced.
..\workspace\SYSDATA\SRC\sysdattsk.c,448,style,variableScope,The scope of the variable 'res_num' can be reduced.
..\workspace\SYSDATA\SRC\sysdattsk.c,449,style,variableScope,The scope of the variable 'res_max' can be reduced.
..\workspace\SYSDATA\SRC\sysdattsk.c,450,style,variableScope,The scope of the variable 'len' can be reduced.
..\workspace\SYSDATA\SRC\sysdattsk.c,510,style,variableScope,The scope of the variable 'trkgFreq_len' can be reduced.
..\workspace\SYSDATA\SRC\sysdattsk.c,372,style,unreadVariable,Variable 'ret' is assigned a value that is never used.
..\workspace\SYSDATA\SRC\sysdattsk.c,266,style,unusedFunction,The function 'getSysAccess' is never used.
..\workspace\SYSDATA\SRC\sysdattsk.c,252,style,unusedFunction,The function 'getSysHalt' is never used.
..\workspace\SYSDATA\SRC\sysdattsk.c,311,style,unusedFunction,The function 'trkgFreqParamUpdStore' is never used.
..\workspace\SYSDATA\SRC\sysload.c,354,warning,nullPointerRedundantCheck,Either the condition 'token==0x00' is redundant or there is possible null pointer dereference: token.
..\workspace\SYSDATA\SRC\sysload.c,521,style,variableScope,The scope of the variable 'iRet' can be reduced.
..\workspace\SYSDATA\SRC\sysload.c,94,style,unusedVariable,Unused variable: form
..\workspace\SYSDATA\SRC\sysload.c,457,style,unreadVariable,Variable 'ibuf' is assigned a value that is never used.
..\workspace\SYSDATA\SRC\sysload.c,521,style,unreadVariable,Variable 'iRet' is assigned a value that is never used.
..\workspace\SYSDATA\SRC\syssave.c,130,style,variableScope,The scope of the variable 'iLen' can be reduced.
..\workspace\SYSDATA\SRC\syssave.c,65,style,unusedVariable,Unused variable: ret
..\workspace\SYSDATA\SRC\syssave.c,128,style,unreadVariable,Variable 'ii' is assigned a value that is never used.
..\workspace\SYSDATA\SRC\syssave.c,130,style,unreadVariable,Variable 'iLen' is assigned a value that is never used.
..\workspace\SYSDATA\SRC\syssave.c,212,style,unreadVariable,Variable 'itmp' is assigned a value that is never used.
..\workspace\SYSDATA\SRC\syssave.c,217,style,unreadVariable,Variable 'itmp' is assigned a value that is never used.
..\workspace\J2STD\SRC\CPU\cpu_dcpsh7780.c,302,style,unusedFunction,The function 'CpuFlashEraseAll' is never used.
..\workspace\J2STD\SRC\CPU\cpu_dcpsh7780.c,146,style,unusedFunction,The function 'CpuGetDipSwitch' is never used.
..\workspace\J2STD\SRC\CPU\cpu_dcpsh7780.c,126,style,unusedFunction,The function 'CpuGetLED' is never used.
..\workspace\J2STD\SRC\CPU\cpu_dcpsh7780.c,345,style,unusedFunction,The function 'CpuPrintFlashAddr' is never used.
..\workspace\J2STD\SRC\CPU\cpu_dcpsh7780.c,111,style,unusedFunction,The function 'CpuSetLED' is never used.
..\workspace\DRIVER\SRC\version.c,56,style,unusedFunction,The function 'FpciGetDriverVersion' is never used.
..\workspace\SXA_SMCFCU\SRC\P_CONT\access_var.c,131,style,unusedFunction,The function 'construct_access_hook_impl' is never used.
..\workspace\SXA_SMCFCU\SRC\ALMLOG\almlog_var.c,55,style,unusedFunction,The function 'construct_almlog_hook_impl' is never used.
..\workspace\SXA_SMCFCU\SRC\P_LOOP\analog_var.c,84,style,unusedFunction,The function 'construct_analog_hook_impl' is never used.
..\workspace\SXA_SMCFCU\SRC\CLOCK\clock_var.c,72,style,unusedFunction,The function 'construct_clock_hook_impl' is never used.
..\workspace\SXA_SMCFCU\SRC\P_LOOP\coasting_var.c,63,style,unusedFunction,The function 'construct_coasting_hook_impl' is never used.
..\workspace\SXA_SMCFCU\SRC\P_CONT\coastmode_var.c,56,style,unusedFunction,The function 'construct_coastmode_hook_impl' is never used.
..\workspace\SXA_SMCFCU\SRC\REMOTE\dcpaif.c,253,style,unusedFunction,The function 'construct_dcpaif' is never used.
..\workspace\SXA_SMCFCU\SRC\P_CONT\drmode_var.c,214,style,unusedFunction,The function 'construct_drive_mode_hook_impl' is never used.
..\workspace\SXA_SMCFCU\SRC\P_CONT\interpolation_var.c,68,style,unusedFunction,The function 'construct_interpolation_hook_impl' is never used.
..\workspace\SXA_SMCFCU\SRC\OPIF\opifinit_var.c,55,style,unusedFunction,The function 'construct_opif_hook_impl' is never used.
..\workspace\SXA_SMCFCU\SRC\PARALLEL\parallel_var.c,377,style,unusedFunction,The function 'construct_parallel_hook_impl' is never used.
..\workspace\SXA_SMCFCU\SRC\P_LOOP\posnloop_var.c,57,style,unusedFunction,The function 'construct_posnloop_hook_impl' is never used.
..\workspace\SXA_SMCFCU\SRC\P_INIT\printversion_var.c,56,style,unusedFunction,The function 'construct_printversion_hook_impl' is never used.
..\workspace\SXA_SMCFCU\SRC\P_LOOP\progcmd_var.c,61,style,unusedFunction,The function 'construct_progcmd_hook_impl' is never used.
..\workspace\SXA_SMCFCU\SRC\P_LOOP\realangle_var.c,56,style,unusedFunction,The function 'construct_realangle_hook_impl' is never used.
..\workspace\SXA_SMCFCU\SRC\P_LOOP\sdin_var.c,54,style,unusedFunction,The function 'construct_sdin_hook_impl' is never used.
..\workspace\SXA_SMCFCU\SRC\REMOTE\serialif_var.c,60,style,unusedFunction,The function 'construct_serialif_hook_impl' is never used.
..\workspace\SXA_SMCFCU\SRC\P_LOOP\slewcmd_var.c,55,style,unusedFunction,The function 'construct_slewcmd_hook_impl' is never used.
..\workspace\SXA_SMCFCU\SRC\REMOTE\aouif_var.c,106,style,unusedFunction,The function 'construct_slvif' is never used.
..\workspace\SXA_SMCFCU\SRC\P_CONT\srvband_var.c,61,style,unusedFunction,The function 'construct_srvband_hook_impl' is never used.
..\workspace\SXA_SMCFCU\SRC\P_CONT\srvparam_var.c,71,style,unusedFunction,The function 'construct_srvparam_hook_impl' is never used.
..\workspace\SXA_SMCFCU\SRC\SYSDATA\sysdatatbl_var.c,640,style,unusedFunction,The function 'construct_sysdata_hook_impl' is never used.
..\workspace\SXA_SMCFCU\SRC\REMOTE\trkrcvrif.c,378,style,unusedFunction,The function 'construct_trkrcvrLif' is never used.
..\workspace\SXA_SMCFCU\SRC\REMOTE\trkrcvrif.c,344,style,unusedFunction,The function 'construct_trkrcvrRif' is never used.
..\workspace\OSWRAP\SRC\hexfloat.c,197,style,unusedFunction,The function 'd2i' is never used.
..\workspace\OSWRAP\SRC\hexfloat.c,113,style,unusedFunction,The function 'f2i' is never used.
..\workspace\OSWRAP\SRC\hexfloat.c,155,style,unusedFunction,The function 'i2d' is never used.
..\workspace\OSWRAP\SRC\hexfloat.c,70,style,unusedFunction,The function 'i2f' is never used.
..\workspace\J2STD\SRC\COMFUNC\variability.c,40,style,unusedFunction,The function 'get_variability' is never used.
..\workspace\J2STD\SRC\COMFUNC\variability.c,50,style,unusedFunction,The function 'nullHook' is never used.
..\workspace\J2STD\SRC\COMFUNC\variability.c,36,style,unusedFunction,The function 'set_variability' is never used.
..\workspace\SYSDATA\SRC\sysdtadm.c,187,style,unusedFunction,The function 'log_req' is never used.
..\workspace\SYSDATA\SRC\sysdtadm.c,339,style,unusedFunction,The function 'store_req_callback' is never used.
..\workspace\SYSDATA\SRC\sysdtadm.c,380,style,unusedFunction,The function 'trakgFreq_upd_req' is never used.
..\workspace\SYSDATA\SRC\sysdtadm.c,420,style,unusedFunction,The function 'trkgFreq_load' is never used.
..\workspace\J2STD\SRC\P_CONT\looptask_healthchk.c,61,style,unusedFunction,The function 'm_looptask_healthChk' is never used.
..\workspace\OPIFDRV\SRC\opif_cmd.c,217,style,unusedFunction,The function 'opifDrv_setAlmCstr' is never used.
..\workspace\OPIFDRV\SRC\opif_cmd.c,198,style,unusedFunction,The function 'opifDrv_setDrmCstr' is never used.
..\workspace\OPIFDRV\SRC\opif_cmd.c,157,style,unusedFunction,The function 'opifDrv_setGpmCstr' is never used.
..\workspace\OPIFDRV\SRC\opif_cmd.c,138,style,unusedFunction,The function 'opifDrv_setLedCstr' is never used.
..\workspace\OPIFDRV\SRC\opif_cmd.c,236,style,unusedFunction,The function 'opifDrv_setStsCstr' is never used.
..\workspace\OPIFDRV\SRC\opif_cmd.c,119,style,unusedFunction,The function 'opifDrv_setSwclCstr' is never used.
..\workspace\DRIVER\SRC\pci_common.c,146,style,unusedFunction,The function 'pci_comPciIntrDisable' is never used.
..\workspace\J2STD\SRC\CLOCK\timer.c,200,style,unusedFunction,The function 'releaseTimerId' is never used.
..\workspace\J2STD\SRC\REMOTE\delimiter.c,45,style,unusedFunction,The function 's_delimiter' is never used.
..\workspace\J2STD\SRC\REMOTE\delimiter.c,144,style,unusedFunction,The function 's_delimiter_bit' is never used.
..\workspace\J2STD\SRC\REMOTE\delimiter.c,84,style,unusedFunction,The function 's_delimiter_rmt' is never used.
..\workspace\J2STD\SRC\REMOTE\remoteif_sub.c,429,style,unusedFunction,The function 's_getRemoteProgAzOffsetCommandEnable' is never used.
..\workspace\J2STD\SRC\REMOTE\remoteif_sub.c,82,style,unusedFunction,The function 's_getRemoteProgAzPredCommandEnable' is never used.
..\workspace\J2STD\SRC\REMOTE\remoteif_sub.c,317,style,unusedFunction,The function 's_getRemoteProgAzSearchCommandEnable' is never used.
..\workspace\J2STD\SRC\REMOTE\remoteif_sub.c,482,style,unusedFunction,The function 's_getRemoteProgCrOffsetCommand' is never used.
..\workspace\J2STD\SRC\REMOTE\remoteif_sub.c,449,style,unusedFunction,The function 's_getRemoteProgCrOffsetCommandEnable' is never used.
..\workspace\J2STD\SRC\REMOTE\remoteif_sub.c,145,style,unusedFunction,The function 's_getRemoteProgCrPredCommand' is never used.
..\workspace\J2STD\SRC\REMOTE\remoteif_sub.c,107,style,unusedFunction,The function 's_getRemoteProgCrPredCommandEnable' is never used.
..\workspace\J2STD\SRC\REMOTE\remoteif_sub.c,379,style,unusedFunction,The function 's_getRemoteProgCrSearchCommand' is never used.
..\workspace\J2STD\SRC\REMOTE\remoteif_sub.c,341,style,unusedFunction,The function 's_getRemoteProgCrSearchCommandEnable' is never used.
..\workspace\J2STD\SRC\REMOTE\remoteif_sub.c,439,style,unusedFunction,The function 's_getRemoteProgElOffsetCommandEnable' is never used.
..\workspace\J2STD\SRC\REMOTE\remoteif_sub.c,95,style,unusedFunction,The function 's_getRemoteProgElPredCommandEnable' is never used.
..\workspace\J2STD\SRC\REMOTE\remoteif_sub.c,329,style,unusedFunction,The function 's_getRemoteProgElSearchCommandEnable' is never used.
..\workspace\J2STD\SRC\REMOTE\remoteif_sub.c,392,style,unusedFunction,The function 's_setRemoteProgAzOffsetCommandEnable' is never used.
..\workspace\J2STD\SRC\REMOTE\remoteif_sub.c,38,style,unusedFunction,The function 's_setRemoteProgAzPredCommandEnable' is never used.
..\workspace\J2STD\SRC\REMOTE\remoteif_sub.c,275,style,unusedFunction,The function 's_setRemoteProgAzSearchCommandEnable' is never used.
..\workspace\J2STD\SRC\REMOTE\remoteif_sub.c,416,style,unusedFunction,The function 's_setRemoteProgCrOffsetCommandEnable' is never used.
..\workspace\J2STD\SRC\REMOTE\remoteif_sub.c,68,style,unusedFunction,The function 's_setRemoteProgCrPredCommandEnable' is never used.
..\workspace\J2STD\SRC\REMOTE\remoteif_sub.c,303,style,unusedFunction,The function 's_setRemoteProgCrSearchCommandEnable' is never used.
..\workspace\J2STD\SRC\REMOTE\remoteif_sub.c,404,style,unusedFunction,The function 's_setRemoteProgElOffsetCommandEnable' is never used.
..\workspace\J2STD\SRC\REMOTE\remoteif_sub.c,53,style,unusedFunction,The function 's_setRemoteProgElPredCommandEnable' is never used.
..\workspace\J2STD\SRC\REMOTE\remoteif_sub.c,289,style,unusedFunction,The function 's_setRemoteProgElSearchCommandEnable' is never used.
..\workspace\SXA_SMCFCU\SRC\P_INIT\inittask_var.c,58,style,unusedFunction,The function 'scriptWakeup' is never used.
..\workspace\SXA_SMCFCU\SRC\P_INIT\inittask_var.c,44,style,unusedFunction,The function 'wakeup' is never used.
..\workspace\SUMCHECK\SRC\script.c,46,style,unusedFunction,The function 'script_appload' is never used.
..\workspace\SUMCHECK\SRC\script.c,73,style,unusedFunction,The function 'script_sumcheck' is never used.
..\workspace\SXA_SMCFCU\SRC\EIB7IF\eib7if_test_pref.c,96,style,unusedFunction,The function 'util_pref_dump' is never used.
..\workspace\SXA_SMCFCU\SRC\EIB7IF\eib7if_test_pref.c,32,style,unusedFunction,The function 'util_pref_init' is never used.
..\workspace\SXA_SMCFCU\SRC\EIB7IF\eib7if_test_pref.c,65,style,unusedFunction,The function 'util_pref_set' is never used.
